day,day_of_year,weekday,hour,is_weekend,temp_c,load_kw,in_tariff_peak,is_demand_peak
0,1,0,0,0,11.42,0.1821,0,0
0,1,0,1,0,9.35,0.15,0,0
0,1,0,2,0,7.6,0.1696,0,0
0,1,0,3,0,9.35,0.1323,0,0
0,1,0,4,0,9.41,0.1216,0,0
0,1,0,5,0,7.78,0.2015,0,0
0,1,0,6,0,9.12,0.2414,0,0
0,1,0,7,0,11.85,0.6709,0,1
0,1,0,8,0,11.73,0.2959,0,0
0,1,0,9,0,13.52,0.2328,0,0
0,1,0,10,0,13.95,0.128,0,0
0,1,0,11,0,15.49,0.2428,0,0
0,1,0,12,0,17.79,0.9489,0,1
0,1,0,13,0,19.61,0.1996,0,0
0,1,0,14,0,19.93,0.1891,0,0
0,1,0,15,0,20.27,0.128,0,0
0,1,0,16,0,21.52,0.1986,0,0
0,1,0,17,0,18.41,0.1515,0,0
0,1,0,18,0,18.02,0.5745,1,0
0,1,0,19,0,16.9,0.6264,1,0
0,1,0,20,0,15.19,1.1045,1,1
0,1,0,21,0,15.23,0.4215,1,0
0,1,0,22,0,11.78,0.4721,0,0
0,1,0,23,0,11.91,0.5799,0,0
1,2,1,0,0,9.26,0.1551,0,0
1,2,1,1,0,9.42,0.1538,0,0
1,2,1,2,0,9.04,0.1305,0,0
1,2,1,3,0,8.51,0.1426,0,0
1,2,1,4,0,7.77,0.147,0,0
1,2,1,5,0,7.86,0.2407,0,0
1,2,1,6,0,10.27,0.3746,0,0
1,2,1,7,0,10.57,0.8078,0,1
1,2,1,8,0,12.76,0.1617,0,0
1,2,1,9,0,16.21,0.2759,0,0
1,2,1,10,0,15.89,0.1186,0,0
1,2,1,11,0,18.38,0.174,0,0
1,2,1,12,0,16.91,0.1884,0,0
1,2,1,13,0,20.05,0.2362,0,0
1,2,1,14,0,18.11,0.1591,0,0
1,2,1,15,0,18.52,0.2749,0,0
1,2,1,16,0,21.16,0.2089,0,0
1,2,1,17,0,17.09,0.2319,0,0
1,2,1,18,0,17.52,0.5034,1,0
1,2,1,19,0,15.48,1.2476,1,1
1,2,1,20,0,16.37,1.0338,1,1
1,2,1,21,0,13.46,0.7108,1,0
1,2,1,22,0,14.93,0.4942,0,0
1,2,1,23,0,11.18,0.4349,0,0
2,3,2,0,0,10.16,0.1799,0,0
2,3,2,1,0,9.51,0.1769,0,0
2,3,2,2,0,9.26,0.1461,0,0
2,3,2,3,0,8.64,0.186,0,0
2,3,2,4,0,8.59,0.1521,0,0
2,3,2,5,0,9.38,0.2131,0,0
2,3,2,6,0,9.82,1.0215,0,1
2,3,2,7,0,12.67,0.7077,0,0
2,3,2,8,0,9.35,0.279,0,0
2,3,2,9,0,14.14,0.2801,0,0
2,3,2,10,0,16.01,0.2179,0,0
2,3,2,11,0,14.35,0.1578,0,0
2,3,2,12,0,18.15,1.0607,0,1
2,3,2,13,0,17.41,0.3044,0,0
2,3,2,14,0,19.0,0.2464,0,0
2,3,2,15,0,18.89,0.1896,0,0
2,3,2,16,0,16.96,0.13,0,0
2,3,2,17,0,19.54,1.045,0,1
2,3,2,18,0,17.52,0.4575,1,0
2,3,2,19,0,15.58,0.5649,1,0
2,3,2,20,0,13.02,0.6374,1,0
2,3,2,21,0,14.6,0.5798,1,0
2,3,2,22,0,11.06,0.6836,0,0
2,3,2,23,0,11.49,0.489,0,0
3,4,3,0,0,8.03,0.139,0,0
3,4,3,1,0,7.67,0.1518,0,0
3,4,3,2,0,8.48,0.1705,0,0
3,4,3,3,0,8.72,0.1657,0,0
3,4,3,4,0,9.55,0.176,0,0
3,4,3,5,0,8.75,0.3294,0,0
3,4,3,6,0,9.33,0.8662,0,0
3,4,3,7,0,9.31,0.2028,0,0
3,4,3,8,0,12.1,0.2878,0,0
3,4,3,9,0,13.32,0.1942,0,0
3,4,3,10,0,13.23,1.1905,0,1
3,4,3,11,0,15.64,0.1342,0,0
3,4,3,12,0,17.48,0.2884,0,0
3,4,3,13,0,20.25,0.2355,0,0
3,4,3,14,0,20.33,1.1345,0,1
3,4,3,15,0,19.43,0.1841,0,0
3,4,3,16,0,19.57,1.2543,0,1
3,4,3,17,0,16.75,0.2649,0,0
3,4,3,18,0,16.82,0.536,1,0
3,4,3,19,0,17.95,0.5157,1,0
3,4,3,20,0,15.63,0.6942,1,0
3,4,3,21,0,13.4,0.6344,1,0
3,4,3,22,0,10.55,0.5724,0,0
3,4,3,23,0,10.2,0.6143,0,0
4,5,4,0,0,10.06,0.1215,0,0
4,5,4,1,0,8.14,0.1836,0,0
4,5,4,2,0,10.26,0.1619,0,0
4,5,4,3,0,6.67,0.1786,0,0
4,5,4,4,0,8.86,0.1602,0,0
4,5,4,5,0,8.44,0.3842,0,0
4,5,4,6,0,12.05,0.9518,0,1
4,5,4,7,0,11.35,0.6219,0,0
4,5,4,8,0,12.77,0.1482,0,0
4,5,4,9,0,13.74,0.169,0,0
4,5,4,10,0,17.46,1.0176,0,1
4,5,4,11,0,16.38,0.1331,0,0
4,5,4,12,0,17.74,0.3041,0,0
4,5,4,13,0,19.15,0.1599,0,0
4,5,4,14,0,19.62,0.1887,0,0
4,5,4,15,0,18.4,0.1936,0,0
4,5,4,16,0,18.58,0.8921,0,1
4,5,4,17,0,19.36,0.339,0,0
4,5,4,18,0,17.42,0.6157,1,0
4,5,4,19,0,16.33,0.6793,1,0
4,5,4,20,0,14.31,0.6592,1,0
4,5,4,21,0,13.0,0.6279,1,0
4,5,4,22,0,11.21,0.4408,0,0
4,5,4,23,0,10.14,0.7455,0,0
5,6,5,0,1,7.77,0.1598,0,0
5,6,5,1,1,6.42,0.1351,0,0
5,6,5,2,1,8.02,0.1554,0,0
5,6,5,3,1,8.48,0.166,0,0
5,6,5,4,1,8.78,0.1416,0,0
5,6,5,5,1,10.41,0.3124,0,0
5,6,5,6,1,9.34,0.298,0,0
5,6,5,7,1,9.55,0.9062,0,0
5,6,5,8,1,12.24,0.2655,0,0
5,6,5,9,1,13.74,0.173,0,0
5,6,5,10,1,16.17,1.0507,0,0
5,6,5,11,1,16.47,0.1914,0,0
5,6,5,12,1,17.74,1.3728,0,1
5,6,5,13,1,18.37,0.3896,0,0
5,6,5,14,1,20.41,0.2623,0,0
5,6,5,15,1,18.09,1.1867,0,1
5,6,5,16,1,19.77,0.328,0,0
5,6,5,17,1,18.47,1.1652,0,1
5,6,5,18,1,18.31,0.7985,1,0
5,6,5,19,1,16.6,0.6312,1,0
5,6,5,20,1,17.52,0.5325,1,0
5,6,5,21,1,12.02,0.7818,1,0
5,6,5,22,1,12.24,0.6265,0,0
5,6,5,23,1,8.15,0.5763,0,0
6,7,6,0,1,7.67,0.1625,0,0
6,7,6,1,1,10.08,0.1644,0,0
6,7,6,2,1,7.6,0.1735,0,0
6,7,6,3,1,9.08,0.1259,0,0
6,7,6,4,1,10.36,0.1584,0,0
6,7,6,5,1,10.28,0.2414,0,0
6,7,6,6,1,11.34,0.7451,0,0
6,7,6,7,1,11.01,0.7649,0,0
6,7,6,8,1,12.52,0.1512,0,0
6,7,6,9,1,12.75,0.1585,0,0
6,7,6,10,1,16.03,0.2841,0,0
6,7,6,11,1,16.23,0.1958,0,0
6,7,6,12,1,16.19,0.1348,0,0
6,7,6,13,1,18.0,0.2645,0,0
6,7,6,14,1,18.78,1.0792,0,1
6,7,6,15,1,19.22,1.0758,0,1
6,7,6,16,1,19.3,0.2951,0,0
6,7,6,17,1,18.37,1.0588,0,0
6,7,6,18,1,17.15,0.6704,1,0
6,7,6,19,1,14.58,0.7804,1,0
6,7,6,20,1,15.95,1.1117,1,1
6,7,6,21,1,14.36,0.5979,1,0
6,7,6,22,1,11.86,0.5325,0,0
6,7,6,23,1,9.96,0.6173,0,0
7,8,0,0,0,9.0,0.1716,0,0
7,8,0,1,0,6.83,0.1512,0,0
7,8,0,2,0,7.97,0.1385,0,0
7,8,0,3,0,6.38,0.1509,0,0
7,8,0,4,0,9.05,0.1346,0,0
7,8,0,5,0,7.88,0.3285,0,0
7,8,0,6,0,11.61,0.9088,0,1
7,8,0,7,0,10.12,0.2164,0,0
7,8,0,8,0,11.04,0.1778,0,0
7,8,0,9,0,13.15,0.1302,0,0
7,8,0,10,0,14.89,0.1838,0,0
7,8,0,11,0,16.06,0.1876,0,0
7,8,0,12,0,16.22,1.1955,0,1
7,8,0,13,0,17.35,0.2076,0,0
7,8,0,14,0,19.29,0.247,0,0
7,8,0,15,0,20.07,0.2188,0,0
7,8,0,16,0,19.72,0.1351,0,0
7,8,0,17,0,19.56,0.2642,0,0
7,8,0,18,0,19.56,0.6642,1,0
7,8,0,19,0,16.5,0.6862,1,1
7,8,0,20,0,15.06,0.4533,1,0
7,8,0,21,0,13.19,0.4682,1,0
7,8,0,22,0,12.22,0.4461,0,0
7,8,0,23,0,12.31,0.5028,0,0
8,9,1,0,0,9.52,0.1727,0,0
8,9,1,1,0,9.39,0.1604,0,0
8,9,1,2,0,7.11,0.168,0,0
8,9,1,3,0,6.85,0.1805,0,0
8,9,1,4,0,8.72,0.133,0,0
8,9,1,5,0,9.21,0.302,0,0
8,9,1,6,0,8.34,0.6973,0,0
8,9,1,7,0,10.77,1.098,0,1
8,9,1,8,0,9.34,0.2757,0,0
8,9,1,9,0,14.23,0.935,0,0
8,9,1,10,0,14.52,0.1576,0,0
8,9,1,11,0,16.54,0.2348,0,0
8,9,1,12,0,16.69,0.293,0,0
8,9,1,13,0,18.54,0.2606,0,0
8,9,1,14,0,17.69,0.3009,0,0
8,9,1,15,0,18.17,0.2705,0,0
8,9,1,16,0,20.24,0.2794,0,0
8,9,1,17,0,16.96,0.2464,0,0
8,9,1,18,0,19.37,0.695,1,0
8,9,1,19,0,16.01,1.0117,1,1
8,9,1,20,0,14.06,1.2659,1,1
8,9,1,21,0,13.29,0.6154,1,0
8,9,1,22,0,12.02,0.499,0,0
8,9,1,23,0,12.46,0.772,0,0
9,10,2,0,0,9.86,0.1439,0,0
9,10,2,1,0,8.04,0.1276,0,0
9,10,2,2,0,7.01,0.1795,0,0
9,10,2,3,0,9.14,0.1324,0,0
9,10,2,4,0,9.81,0.1405,0,0
9,10,2,5,0,9.31,0.3385,0,0
9,10,2,6,0,10.31,0.3815,0,0
9,10,2,7,0,11.74,0.25,0,0
9,10,2,8,0,13.07,0.2912,0,0
9,10,2,9,0,14.08,0.1942,0,0
9,10,2,10,0,15.11,1.0935,0,1
9,10,2,11,0,17.36,0.2828,0,0
9,10,2,12,0,17.92,0.2748,0,0
9,10,2,13,0,17.48,0.1388,0,0
9,10,2,14,0,19.73,1.0862,0,1
9,10,2,15,0,19.86,0.297,0,0
9,10,2,16,0,19.35,0.1942,0,0
9,10,2,17,0,19.6,0.3511,0,0
9,10,2,18,0,15.03,0.5341,1,0
9,10,2,19,0,15.98,0.5471,1,0
9,10,2,20,0,12.17,0.6023,1,0
9,10,2,21,0,14.15,0.6242,1,0
9,10,2,22,0,12.02,0.5094,0,0
9,10,2,23,0,9.94,0.6791,0,1
10,11,3,0,0,11.63,0.1671,0,0
10,11,3,1,0,7.9,0.172,0,0
10,11,3,2,0,8.21,0.1571,0,0
10,11,3,3,0,7.69,0.156,0,0
10,11,3,4,0,7.59,0.1402,0,0
10,11,3,5,0,8.14,0.2977,0,0
10,11,3,6,0,11.64,0.6174,0,0
10,11,3,7,0,9.69,0.3262,0,0
10,11,3,8,0,11.57,0.1876,0,0
10,11,3,9,0,13.74,0.1646,0,0
10,11,3,10,0,15.39,0.1709,0,0
10,11,3,11,0,17.3,0.2677,0,0
10,11,3,12,0,17.48,1.127,0,1
10,11,3,13,0,18.18,0.143,0,0
10,11,3,14,0,16.57,0.1952,0,0
10,11,3,15,0,18.51,0.2386,0,0
10,11,3,16,0,21.51,0.2617,0,0
10,11,3,17,0,18.04,0.3338,0,0
10,11,3,18,0,17.85,0.6496,1,0
10,11,3,19,0,15.21,1.1378,1,1
10,11,3,20,0,16.13,0.4816,1,0
10,11,3,21,0,12.12,0.6953,1,1
10,11,3,22,0,10.02,0.5482,0,0
10,11,3,23,0,12.09,0.5489,0,0
11,12,4,0,0,8.31,0.1463,0,0
11,12,4,1,0,9.07,0.1412,0,0
11,12,4,2,0,7.64,0.1652,0,0
11,12,4,3,0,9.65,0.1615,0,0
11,12,4,4,0,8.65,0.1359,0,0
11,12,4,5,0,8.81,0.2553,0,0
11,12,4,6,0,11.71,0.5766,0,0
11,12,4,7,0,12.17,0.6163,0,0
11,12,4,8,0,11.38,0.1719,0,0
11,12,4,9,0,13.69,0.1262,0,0
11,12,4,10,0,14.54,0.1883,0,0
11,12,4,11,0,16.67,0.1822,0,0
11,12,4,12,0,16.39,0.1796,0,0
11,12,4,13,0,18.64,0.225,0,0
11,12,4,14,0,18.34,0.1567,0,0
11,12,4,15,0,17.51,0.2233,0,0
11,12,4,16,0,18.74,0.1626,0,0
11,12,4,17,0,19.13,0.2439,0,0
11,12,4,18,0,17.66,0.6453,1,0
11,12,4,19,0,15.94,0.6732,1,1
11,12,4,20,0,15.63,0.6047,1,0
11,12,4,21,0,13.75,0.6135,1,0
11,12,4,22,0,12.37,0.7094,0,1
11,12,4,23,0,11.52,0.6503,0,1
12,13,5,0,1,9.15,0.1662,0,0
12,13,5,1,1,9.43,0.1559,0,0
12,13,5,2,1,7.58,0.1358,0,0
12,13,5,3,1,6.11,0.1781,0,0
12,13,5,4,1,7.04,0.1679,0,0
12,13,5,5,1,9.11,0.319,0,0
12,13,5,6,1,8.66,0.7141,0,0
12,13,5,7,1,10.58,0.8146,0,1
12,13,5,8,1,12.82,0.2306,0,0
12,13,5,9,1,14.97,0.3105,0,0
12,13,5,10,1,16.2,0.203,0,0
12,13,5,11,1,15.67,0.1343,0,0
12,13,5,12,1,19.55,0.2651,0,0
12,13,5,13,1,17.41,0.1161,0,0
12,13,5,14,1,16.59,0.1267,0,0
12,13,5,15,1,17.59,0.2658,0,0
12,13,5,16,1,18.5,0.2569,0,0
12,13,5,17,1,17.51,0.3045,0,0
12,13,5,18,1,16.44,0.7081,1,0
12,13,5,19,1,15.97,1.0561,1,1
12,13,5,20,1,14.79,0.9445,1,1
12,13,5,21,1,13.28,0.5561,1,0
12,13,5,22,1,12.69,0.5405,0,0
12,13,5,23,1,12.12,0.5485,0,0
13,14,6,0,1,8.25,0.1269,0,0
13,14,6,1,1,9.46,0.1904,0,0
13,14,6,2,1,7.2,0.1428,0,0
13,14,6,3,1,8.26,0.1665,0,0
13,14,6,4,1,6.93,0.1401,0,0
13,14,6,5,1,9.37,0.3013,0,0
13,14,6,6,1,9.59,0.6772,0,0
13,14,6,7,1,11.19,0.8656,0,0
13,14,6,8,1,12.02,0.2862,0,0
13,14,6,9,1,13.16,0.1322,0,0
13,14,6,10,1,15.25,1.1031,0,0
13,14,6,11,1,16.81,1.0671,0,0
13,14,6,12,1,17.88,0.2307,0,0
13,14,6,13,1,19.64,0.3794,0,0
13,14,6,14,1,18.29,0.3499,0,0
13,14,6,15,1,19.24,1.2599,0,1
13,14,6,16,1,20.05,0.3697,0,0
13,14,6,17,1,17.74,1.198,0,1
13,14,6,18,1,17.02,0.755,1,0
13,14,6,19,1,16.47,1.1339,1,1
13,14,6,20,1,15.28,1.1069,1,0
13,14,6,21,1,12.49,0.7849,1,0
13,14,6,22,1,11.36,0.5153,0,0
13,14,6,23,1,9.11,0.6424,0,0
14,15,0,0,0,11.2,0.1517,0,0
14,15,0,1,0,9.75,0.1337,0,0
14,15,0,2,0,7.46,0.1378,0,0
14,15,0,3,0,7.53,0.1215,0,0
14,15,0,4,0,6.78,0.1477,0,0
14,15,0,5,0,8.79,0.1996,0,0
14,15,0,6,0,10.08,0.9486,0,1
14,15,0,7,0,9.9,0.7403,0,0
14,15,0,8,0,12.02,0.2088,0,0
14,15,0,9,0,14.53,0.2054,0,0
14,15,0,10,0,14.18,0.2446,0,0
14,15,0,11,0,16.97,0.2356,0,0
14,15,0,12,0,16.56,0.218,0,0
14,15,0,13,0,18.12,0.1686,0,0
14,15,0,14,0,17.91,0.1225,0,0
14,15,0,15,0,20.27,0.2877,0,0
14,15,0,16,0,20.35,0.1829,0,0
14,15,0,17,0,18.56,0.2558,0,0
14,15,0,18,0,17.19,0.5692,1,0
14,15,0,19,0,15.16,0.5417,1,0
14,15,0,20,0,14.01,0.7882,1,1
14,15,0,21,0,13.45,0.7169,1,0
14,15,0,22,0,11.25,0.7566,0,1
14,15,0,23,0,9.12,0.4929,0,0
15,16,1,0,0,11.46,0.1396,0,0
15,16,1,1,0,7.64,0.1272,0,0
15,16,1,2,0,9.53,0.1324,0,0
15,16,1,3,0,8.47,0.1307,0,0
15,16,1,4,0,7.09,0.1776,0,0
15,16,1,5,0,8.15,0.1901,0,0
15,16,1,6,0,9.5,0.9125,0,1
15,16,1,7,0,9.83,0.9717,0,1
15,16,1,8,0,11.91,0.2453,0,0
15,16,1,9,0,11.41,0.2711,0,0
15,16,1,10,0,16.15,0.1946,0,0
15,16,1,11,0,16.55,0.1308,0,0
15,16,1,12,0,17.55,0.1748,0,0
15,16,1,13,0,19.11,0.2411,0,0
15,16,1,14,0,19.28,0.1631,0,0
15,16,1,15,0,19.07,0.145,0,0
15,16,1,16,0,19.13,0.2716,0,0
15,16,1,17,0,17.41,0.1539,0,0
15,16,1,18,0,17.18,0.5587,1,0
15,16,1,19,0,17.1,1.196,1,1
15,16,1,20,0,15.73,0.7595,1,0
15,16,1,21,0,14.36,0.6712,1,0
15,16,1,22,0,11.01,0.5057,0,0
15,16,1,23,0,10.47,0.3585,0,0
16,17,2,0,0,10.2,0.1683,0,0
16,17,2,1,0,9.05,0.1752,0,0
16,17,2,2,0,9.75,0.1295,0,0
16,17,2,3,0,7.63,0.1711,0,0
16,17,2,4,0,9.95,0.1807,0,0
16,17,2,5,0,8.97,0.2422,0,0
16,17,2,6,0,9.38,0.8135,0,0
16,17,2,7,0,11.62,1.0013,0,0
16,17,2,8,0,12.48,0.2173,0,0
16,17,2,9,0,13.34,0.151,0,0
16,17,2,10,0,15.14,0.1378,0,0
16,17,2,11,0,16.24,0.2782,0,0
16,17,2,12,0,19.67,0.1504,0,0
16,17,2,13,0,19.47,0.2083,0,0
16,17,2,14,0,16.21,0.1329,0,0
16,17,2,15,0,19.25,1.2337,0,1
16,17,2,16,0,19.98,1.0833,0,1
16,17,2,17,0,18.75,0.1466,0,0
16,17,2,18,0,18.76,0.5436,1,0
16,17,2,19,0,17.49,1.0782,1,1
16,17,2,20,0,15.02,0.9664,1,0
16,17,2,21,0,12.98,0.6517,1,0
16,17,2,22,0,14.71,0.6602,0,0
16,17,2,23,0,11.45,0.6422,0,0
17,18,3,0,0,9.57,0.1738,0,0
17,18,3,1,0,8.43,0.1593,0,0
17,18,3,2,0,6.95,0.1743,0,0
17,18,3,3,0,9.09,0.156,0,0
17,18,3,4,0,7.1,0.1332,0,0
17,18,3,5,0,10.37,0.2936,0,0
17,18,3,6,0,10.48,0.919,0,1
17,18,3,7,0,12.51,0.3104,0,0
17,18,3,8,0,12.56,0.1872,0,0
17,18,3,9,0,13.0,0.1513,0,0
17,18,3,10,0,15.21,0.214,0,0
17,18,3,11,0,18.72,0.2371,0,0
17,18,3,12,0,16.86,0.1341,0,0
17,18,3,13,0,17.84,0.2375,0,0
17,18,3,14,0,19.8,0.131,0,0
17,18,3,15,0,17.85,0.2253,0,0
17,18,3,16,0,18.57,0.8887,0,1
17,18,3,17,0,18.2,0.27,0,0
17,18,3,18,0,17.81,0.5191,1,0
17,18,3,19,0,16.6,0.7594,1,0
17,18,3,20,0,14.36,1.0763,1,1
17,18,3,21,0,14.02,0.5754,1,0
17,18,3,22,0,11.45,0.4848,0,0
17,18,3,23,0,9.57,0.5863,0,0
18,19,4,0,0,9.21,0.1599,0,0
18,19,4,1,0,9.27,0.1627,0,0
18,19,4,2,0,8.74,0.1649,0,0
18,19,4,3,0,8.66,0.1284,0,0
18,19,4,4,0,6.77,0.163,0,0
18,19,4,5,0,9.89,0.2958,0,0
18,19,4,6,0,11.63,0.9188,0,0
18,19,4,7,0,10.56,1.0196,0,1
18,19,4,8,0,12.82,0.2658,0,0
18,19,4,9,0,14.67,0.136,0,0
18,19,4,10,0,16.66,0.2623,0,0
18,19,4,11,0,16.31,0.2308,0,0
18,19,4,12,0,17.32,0.2135,0,0
18,19,4,13,0,17.96,0.9359,0,0
18,19,4,14,0,17.26,0.1583,0,0
18,19,4,15,0,17.77,0.1555,0,0
18,19,4,16,0,17.52,0.9016,0,0
18,19,4,17,0,18.56,0.9983,0,1
18,19,4,18,0,16.73,0.49,1,0
18,19,4,19,0,18.33,0.608,1,0
18,19,4,20,0,15.58,1.2797,1,1
18,19,4,21,0,13.55,0.6311,1,0
18,19,4,22,0,14.01,0.5843,0,0
18,19,4,23,0,10.78,0.598,0,0
19,20,5,0,1,7.31,0.1666,0,0
19,20,5,1,1,7.01,0.1661,0,0
19,20,5,2,1,8.98,0.1528,0,0
19,20,5,3,1,7.86,0.1668,0,0
19,20,5,4,1,9.42,0.1401,0,0
19,20,5,5,1,7.97,0.2082,0,0
19,20,5,6,1,8.67,0.9312,0,1
19,20,5,7,1,10.0,0.8948,0,0
19,20,5,8,1,10.87,0.1942,0,0
19,20,5,9,1,14.04,0.1963,0,0
19,20,5,10,1,14.81,1.2306,0,1
19,20,5,11,1,17.35,0.2426,0,0
19,20,5,12,1,19.09,0.1889,0,0
19,20,5,13,1,17.04,0.2586,0,0
19,20,5,14,1,18.11,0.3033,0,0
19,20,5,15,1,21.06,0.3629,0,0
19,20,5,16,1,20.33,0.4223,0,0
19,20,5,17,1,18.07,0.2838,0,0
19,20,5,18,1,19.06,0.546,1,0
19,20,5,19,1,14.95,0.8094,1,0
19,20,5,20,1,14.65,1.1322,1,1
19,20,5,21,1,12.8,0.6185,1,0
19,20,5,22,1,13.12,0.5415,0,0
19,20,5,23,1,9.51,0.6522,0,0
20,21,6,0,1,9.73,0.1497,0,0
20,21,6,1,1,9.29,0.1377,0,0
20,21,6,2,1,8.57,0.1298,0,0
20,21,6,3,1,5.56,0.1355,0,0
20,21,6,4,1,8.94,0.1598,0,0
20,21,6,5,1,9.0,0.2758,0,0
20,21,6,6,1,7.98,0.8018,0,0
20,21,6,7,1,11.94,0.9467,0,0
20,21,6,8,1,13.74,0.1843,0,0
20,21,6,9,1,11.88,0.2191,0,0
20,21,6,10,1,15.21,0.192,0,0
20,21,6,11,1,17.86,1.243,0,1
20,21,6,12,1,18.17,0.2672,0,0
20,21,6,13,1,17.06,1.2786,0,1
20,21,6,14,1,17.63,1.2301,0,1
20,21,6,15,1,18.1,0.3381,0,0
20,21,6,16,1,18.03,0.3812,0,0
20,21,6,17,1,17.79,0.3896,0,0
20,21,6,18,1,18.08,0.6222,1,0
20,21,6,19,1,15.54,0.481,1,0
20,21,6,20,1,15.5,0.5488,1,0
20,21,6,21,1,14.27,0.5466,1,0
20,21,6,22,1,12.83,0.5207,0,0
20,21,6,23,1,10.35,0.6566,0,0
21,22,0,0,0,10.1,0.1258,0,0
21,22,0,1,0,8.08,0.1357,0,0
21,22,0,2,0,7.69,0.1518,0,0
21,22,0,3,0,6.83,0.1458,0,0
21,22,0,4,0,7.46,0.1497,0,0
21,22,0,5,0,8.12,0.3036,0,0
21,22,0,6,0,10.22,0.6912,0,1
21,22,0,7,0,9.88,0.6472,0,0
21,22,0,8,0,11.28,0.1641,0,0
21,22,0,9,0,14.07,0.122,0,0
21,22,0,10,0,15.94,0.1896,0,0
21,22,0,11,0,16.0,1.0821,0,1
21,22,0,12,0,20.29,0.2844,0,0
21,22,0,13,0,17.48,0.1663,0,0
21,22,0,14,0,19.54,0.1564,0,0
21,22,0,15,0,18.48,0.3021,0,0
21,22,0,16,0,17.75,0.2078,0,0
21,22,0,17,0,17.45,0.2499,0,0
21,22,0,18,0,17.4,0.6077,1,0
21,22,0,19,0,16.51,0.5635,1,0
21,22,0,20,0,13.19,0.5597,1,0
21,22,0,21,0,14.18,0.5266,1,0
21,22,0,22,0,11.17,0.6563,0,1
21,22,0,23,0,9.79,0.3797,0,0
22,23,1,0,0,10.01,0.1458,0,0
22,23,1,1,0,9.01,0.1525,0,0
22,23,1,2,0,7.84,0.148,0,0
22,23,1,3,0,7.84,0.1522,0,0
22,23,1,4,0,5.16,0.1541,0,0
22,23,1,5,0,9.03,0.2862,0,0
22,23,1,6,0,10.38,0.6842,0,0
22,23,1,7,0,10.74,0.8327,0,1
22,23,1,8,0,13.67,0.1345,0,0
22,23,1,9,0,13.47,0.1814,0,0
22,23,1,10,0,16.65,0.129,0,0
22,23,1,11,0,16.04,0.2835,0,0
22,23,1,12,0,17.42,0.254,0,0
22,23,1,13,0,19.45,0.2603,0,0
22,23,1,14,0,19.34,0.1981,0,0
22,23,1,15,0,19.91,0.254,0,0
22,23,1,16,0,18.87,0.2102,0,0
22,23,1,17,0,19.02,0.2525,0,0
22,23,1,18,0,14.95,0.5454,1,0
22,23,1,19,0,16.75,1.1402,1,1
22,23,1,20,0,14.16,0.7461,1,1
22,23,1,21,0,13.66,0.5243,1,0
22,23,1,22,0,12.13,0.6239,0,0
22,23,1,23,0,12.2,0.6029,0,0
23,24,2,0,0,7.71,0.1672,0,0
23,24,2,1,0,7.22,0.1295,0,0
23,24,2,2,0,7.7,0.1745,0,0
23,24,2,3,0,9.31,0.1376,0,0
23,24,2,4,0,7.48,0.1447,0,0
23,24,2,5,0,8.75,0.2249,0,0
23,24,2,6,0,9.56,0.661,0,0
23,24,2,7,0,10.59,0.8102,0,1
23,24,2,8,0,10.96,0.2528,0,0
23,24,2,9,0,13.35,0.1297,0,0
23,24,2,10,0,15.25,0.2144,0,0
23,24,2,11,0,15.63,0.1631,0,0
23,24,2,12,0,16.89,0.2873,0,0
23,24,2,13,0,18.29,0.1512,0,0
23,24,2,14,0,19.02,0.2972,0,0
23,24,2,15,0,19.26,0.2116,0,0
23,24,2,16,0,19.97,0.2263,0,0
23,24,2,17,0,18.14,0.2115,0,0
23,24,2,18,0,16.76,0.7891,1,1
23,24,2,19,0,15.78,0.7889,1,0
23,24,2,20,0,14.77,1.2042,1,1
23,24,2,21,0,13.73,0.6862,1,0
23,24,2,22,0,13.01,0.6647,0,0
23,24,2,23,0,9.75,0.6796,0,0
24,25,3,0,0,10.74,0.1234,0,0
24,25,3,1,0,10.01,0.1872,0,0
24,25,3,2,0,7.93,0.175,0,0
24,25,3,3,0,8.21,0.1872,0,0
24,25,3,4,0,7.45,0.1435,0,0
24,25,3,5,0,8.95,0.3603,0,0
24,25,3,6,0,8.98,0.9603,0,1
24,25,3,7,0,10.53,0.7791,0,0
24,25,3,8,0,11.12,0.2256,0,0
24,25,3,9,0,15.19,0.1928,0,0
24,25,3,10,0,15.78,1.072,0,1
24,25,3,11,0,14.83,0.1894,0,0
24,25,3,12,0,19.61,0.1271,0,0
24,25,3,13,0,18.99,0.251,0,0
24,25,3,14,0,19.37,0.2303,0,0
24,25,3,15,0,19.29,0.2202,0,0
24,25,3,16,0,18.03,0.1997,0,0
24,25,3,17,0,19.2,0.4037,0,0
24,25,3,18,0,16.86,0.5661,1,0
24,25,3,19,0,17.91,0.7845,1,0
24,25,3,20,0,14.51,0.5253,1,0
24,25,3,21,0,13.23,0.7571,1,0
24,25,3,22,0,12.06,0.8281,0,1
24,25,3,23,0,11.57,0.3867,0,0
25,26,4,0,0,9.47,0.1827,0,0
25,26,4,1,0,9.42,0.1281,0,0
25,26,4,2,0,7.99,0.1761,0,0
25,26,4,3,0,8.31,0.1407,0,0
25,26,4,4,0,10.53,0.172,0,0
25,26,4,5,0,7.82,0.3514,0,0
25,26,4,6,0,10.46,0.98,0,0
25,26,4,7,0,12.41,0.9983,0,1
25,26,4,8,0,11.77,0.2641,0,0
25,26,4,9,0,14.04,0.1517,0,0
25,26,4,10,0,13.43,0.1713,0,0
25,26,4,11,0,16.01,0.8657,0,0
25,26,4,12,0,18.71,0.9937,0,1
25,26,4,13,0,17.5,0.2122,0,0
25,26,4,14,0,18.97,0.993,0,0
25,26,4,15,0,19.69,0.1979,0,0
25,26,4,16,0,20.5,0.2288,0,0
25,26,4,17,0,19.7,0.2217,0,0
25,26,4,18,0,17.96,0.5815,1,0
25,26,4,19,0,15.33,0.9906,1,0
25,26,4,20,0,17.16,1.0975,1,1
25,26,4,21,0,13.34,0.6779,1,0
25,26,4,22,0,9.34,0.3928,0,0
25,26,4,23,0,12.36,0.5811,0,0
26,27,5,0,1,8.82,0.165,0,0
26,27,5,1,1,8.73,0.1264,0,0
26,27,5,2,1,8.99,0.1561,0,0
26,27,5,3,1,7.62,0.1824,0,0
26,27,5,4,1,9.03,0.1499,0,0
26,27,5,5,1,9.69,0.256,0,0
26,27,5,6,1,10.74,0.6144,0,0
26,27,5,7,1,10.83,0.6559,0,0
26,27,5,8,1,11.73,0.1447,0,0
26,27,5,9,1,13.26,0.2147,0,0
26,27,5,10,1,15.65,0.1418,0,0
26,27,5,11,1,16.45,0.2803,0,0
26,27,5,12,1,18.48,0.1321,0,0
26,27,5,13,1,18.03,0.2593,0,0
26,27,5,14,1,18.91,0.2735,0,0
26,27,5,15,1,19.87,1.3246,0,1
26,27,5,16,1,18.79,0.3301,0,0
26,27,5,17,1,19.43,0.2583,0,0
26,27,5,18,1,17.03,0.6515,1,0
26,27,5,19,1,16.15,0.7112,1,0
26,27,5,20,1,15.27,1.0971,1,1
26,27,5,21,1,13.53,0.6705,1,0
26,27,5,22,1,10.81,0.7193,0,0
26,27,5,23,1,11.11,0.7836,0,1
27,28,6,0,1,8.87,0.1281,0,0
27,28,6,1,1,9.38,0.1546,0,0
27,28,6,2,1,10.82,0.1394,0,0
27,28,6,3,1,9.12,0.1557,0,0
27,28,6,4,1,11.11,0.1677,0,0
27,28,6,5,1,9.84,0.327,0,0
27,28,6,6,1,11.62,0.6519,0,0
27,28,6,7,1,10.43,0.976,0,0
27,28,6,8,1,12.75,0.2321,0,0
27,28,6,9,1,12.07,0.2893,0,0
27,28,6,10,1,15.33,0.1988,0,0
27,28,6,11,1,16.08,0.2267,0,0
27,28,6,12,1,18.24,0.1818,0,0
27,28,6,13,1,20.0,1.0588,0,1
27,28,6,14,1,18.16,0.263,0,0
27,28,6,15,1,20.43,0.3587,0,0
27,28,6,16,1,17.87,0.14,0,0
27,28,6,17,1,21.55,1.2386,0,1
27,28,6,18,1,16.6,0.5988,1,0
27,28,6,19,1,17.48,1.177,1,1
27,28,6,20,1,14.75,0.6297,1,0
27,28,6,21,1,13.6,0.484,1,0
27,28,6,22,1,13.09,0.5961,0,0
27,28,6,23,1,12.74,0.6671,0,0
28,29,0,0,0,9.97,0.1288,0,0
28,29,0,1,0,10.26,0.1695,0,0
28,29,0,2,0,6.62,0.1794,0,0
28,29,0,3,0,8.12,0.1829,0,0
28,29,0,4,0,6.55,0.1464,0,0
28,29,0,5,0,9.44,0.3662,0,0
28,29,0,6,0,10.46,0.6759,0,0
28,29,0,7,0,9.65,0.9745,0,1
28,29,0,8,0,12.4,0.2025,0,0
28,29,0,9,0,14.2,0.2385,0,0
28,29,0,10,0,17.4,0.2048,0,0
28,29,0,11,0,15.66,0.2103,0,0
28,29,0,12,0,17.88,0.2196,0,0
28,29,0,13,0,20.61,0.9459,0,0
28,29,0,14,0,20.67,0.3064,0,0
28,29,0,15,0,19.26,0.1666,0,0
28,29,0,16,0,18.62,1.0274,0,1
28,29,0,17,0,17.97,0.3062,0,0
28,29,0,18,0,17.18,0.7454,1,0
28,29,0,19,0,16.82,0.9591,1,1
28,29,0,20,0,15.83,0.5683,1,0
28,29,0,21,0,14.16,0.4268,1,0
28,29,0,22,0,12.02,0.676,0,0
28,29,0,23,0,10.35,0.7508,0,0
29,30,1,0,0,9.0,0.1467,0,0
29,30,1,1,0,8.97,0.1311,0,0
29,30,1,2,0,9.35,0.1355,0,0
29,30,1,3,0,5.64,0.1522,0,0
29,30,1,4,0,9.09,0.1435,0,0
29,30,1,5,0,8.8,0.3127,0,0
29,30,1,6,0,10.44,0.7744,0,0
29,30,1,7,0,12.1,0.9563,0,1
29,30,1,8,0,13.04,0.1761,0,0
29,30,1,9,0,13.49,0.281,0,0
29,30,1,10,0,18.08,0.1785,0,0
29,30,1,11,0,14.83,0.2199,0,0
29,30,1,12,0,17.56,0.1322,0,0
29,30,1,13,0,17.68,0.2499,0,0
29,30,1,14,0,20.19,1.3913,0,1
29,30,1,15,0,18.03,0.2097,0,0
29,30,1,16,0,19.46,0.1828,0,0
29,30,1,17,0,18.27,0.3913,0,0
29,30,1,18,0,15.71,0.5459,1,0
29,30,1,19,0,16.73,0.9485,1,1
29,30,1,20,0,14.77,0.5206,1,0
29,30,1,21,0,13.45,0.4955,1,0
29,30,1,22,0,10.53,0.49,0,0
29,30,1,23,0,12.13,0.5828,0,0
30,31,2,0,0,10.32,0.1534,0,0
30,31,2,1,0,10.0,0.1576,0,0
30,31,2,2,0,9.84,0.1814,0,0
30,31,2,3,0,9.06,0.1273,0,0
30,31,2,4,0,9.63,0.1573,0,0
30,31,2,5,0,7.91,0.3325,0,0
30,31,2,6,0,9.73,0.2865,0,0
30,31,2,7,0,11.72,0.8638,0,1
30,31,2,8,0,13.46,0.2742,0,0
30,31,2,9,0,14.03,0.1747,0,0
30,31,2,10,0,15.51,0.1472,0,0
30,31,2,11,0,18.11,0.3016,0,0
30,31,2,12,0,18.39,0.1676,0,0
30,31,2,13,0,20.34,0.2251,0,0
30,31,2,14,0,19.5,1.2563,0,1
30,31,2,15,0,20.18,0.1828,0,0
30,31,2,16,0,20.31,0.2286,0,0
30,31,2,17,0,18.71,0.3473,0,0
30,31,2,18,0,17.84,0.6707,1,0
30,31,2,19,0,15.93,0.4093,1,0
30,31,2,20,0,15.09,0.6146,1,0
30,31,2,21,0,15.15,0.7427,1,1
30,31,2,22,0,11.01,0.6069,0,0
30,31,2,23,0,11.45,0.4905,0,0
31,32,3,0,0,10.25,0.1253,0,0
31,32,3,1,0,8.66,0.1292,0,0
31,32,3,2,0,6.61,0.1467,0,0
31,32,3,3,0,6.41,0.1388,0,0
31,32,3,4,0,7.52,0.1821,0,0
31,32,3,5,0,8.68,0.2134,0,0
31,32,3,6,0,10.51,0.7506,0,1
31,32,3,7,0,11.85,0.8894,0,1
31,32,3,8,0,11.01,0.236,0,0
31,32,3,9,0,14.61,0.1868,0,0
31,32,3,10,0,17.51,0.1608,0,0
31,32,3,11,0,15.78,0.1989,0,0
31,32,3,12,0,18.76,0.1647,0,0
31,32,3,13,0,19.75,0.256,0,0
31,32,3,14,0,17.1,0.1698,0,0
31,32,3,15,0,21.2,0.1308,0,0
31,32,3,16,0,18.14,0.2765,0,0
31,32,3,17,0,18.35,0.3705,0,0
31,32,3,18,0,18.23,0.6716,1,0
31,32,3,19,0,14.59,0.6543,1,0
31,32,3,20,0,15.68,0.9431,1,1
31,32,3,21,0,13.11,0.6103,1,0
31,32,3,22,0,11.97,0.6625,0,0
31,32,3,23,0,12.64,0.5245,0,0
32,33,4,0,0,9.45,0.1608,0,0
32,33,4,1,0,8.77,0.1538,0,0
32,33,4,2,0,5.19,0.1224,0,0
32,33,4,3,0,7.59,0.1475,0,0
32,33,4,4,0,10.06,0.1541,0,0
32,33,4,5,0,9.45,0.2762,0,0
32,33,4,6,0,9.95,0.8577,0,1
32,33,4,7,0,12.38,0.24,0,0
32,33,4,8,0,11.68,0.1373,0,0
32,33,4,9,0,12.62,0.1955,0,0
32,33,4,10,0,16.23,0.2026,0,0
32,33,4,11,0,17.9,0.1474,0,0
32,33,4,12,0,19.47,0.2658,0,0
32,33,4,13,0,19.33,0.2549,0,0
32,33,4,14,0,19.09,0.1701,0,0
32,33,4,15,0,21.08,0.1375,0,0
32,33,4,16,0,20.33,0.1407,0,0
32,33,4,17,0,17.5,0.3376,0,0
32,33,4,18,0,17.68,0.5974,1,0
32,33,4,19,0,15.08,0.8359,1,1
32,33,4,20,0,15.9,1.3443,1,1
32,33,4,21,0,12.74,0.4521,1,0
32,33,4,22,0,14.07,0.7694,0,0
32,33,4,23,0,12.12,0.7926,0,0
33,34,5,0,1,11.57,0.141,0,0
33,34,5,1,1,10.75,0.1443,0,0
33,34,5,2,1,9.22,0.1655,0,0
33,34,5,3,1,9.36,0.1333,0,0
33,34,5,4,1,7.21,0.164,0,0
33,34,5,5,1,9.41,0.2377,0,0
33,34,5,6,1,8.82,0.8456,0,0
33,34,5,7,1,13.49,0.9037,0,0
33,34,5,8,1,12.03,0.1823,0,0
33,34,5,9,1,14.09,0.1445,0,0
33,34,5,10,1,13.48,1.0153,0,1
33,34,5,11,1,17.54,0.2022,0,0
33,34,5,12,1,18.42,0.2571,0,0
33,34,5,13,1,18.86,0.2007,0,0
33,34,5,14,1,17.96,1.3553,0,1
33,34,5,15,1,20.08,0.2954,0,0
33,34,5,16,1,19.37,0.3286,0,0
33,34,5,17,1,15.84,0.1567,0,0
33,34,5,18,1,17.84,0.6902,1,0
33,34,5,19,1,14.13,1.0734,1,1
33,34,5,20,1,17.37,0.4399,1,0
33,34,5,21,1,13.13,0.7669,1,0
33,34,5,22,1,12.64,0.6765,0,0
33,34,5,23,1,9.88,0.548,0,0
34,35,6,0,1,8.98,0.1687,0,0
34,35,6,1,1,9.1,0.1333,0,0
34,35,6,2,1,8.7,0.1826,0,0
34,35,6,3,1,8.24,0.1355,0,0
34,35,6,4,1,8.07,0.1595,0,0
34,35,6,5,1,9.67,0.2279,0,0
34,35,6,6,1,7.78,0.8166,0,1
34,35,6,7,1,13.18,0.2282,0,0
34,35,6,8,1,10.59,0.2579,0,0
34,35,6,9,1,15.6,0.1516,0,0
34,35,6,10,1,14.83,0.2734,0,0
34,35,6,11,1,17.29,0.2403,0,0
34,35,6,12,1,17.6,0.1292,0,0
34,35,6,13,1,18.36,0.9761,0,1
34,35,6,14,1,17.35,0.3832,0,0
34,35,6,15,1,18.66,0.2735,0,0
34,35,6,16,1,21.4,0.2827,0,0
34,35,6,17,1,18.66,0.2892,0,0
34,35,6,18,1,18.26,0.4181,1,0
34,35,6,19,1,17.75,0.6899,1,1
34,35,6,20,1,13.54,0.5582,1,0
34,35,6,21,1,15.01,0.4783,1,0
34,35,6,22,1,13.37,0.5046,0,0
34,35,6,23,1,11.19,0.5604,0,0
35,36,0,0,0,11.38,0.1275,0,0
35,36,0,1,0,9.43,0.1731,0,0
35,36,0,2,0,9.18,0.1515,0,0
35,36,0,3,0,8.92,0.1517,0,0
35,36,0,4,0,10.07,0.1457,0,0
35,36,0,5,0,10.22,0.3426,0,0
35,36,0,6,0,9.4,0.8762,0,1
35,36,0,7,0,11.65,0.7802,0,0
35,36,0,8,0,13.39,0.1539,0,0
35,36,0,9,0,15.3,0.2678,0,0
35,36,0,10,0,16.93,0.2001,0,0
35,36,0,11,0,17.47,0.2971,0,0
35,36,0,12,0,20.48,1.1824,0,1
35,36,0,13,0,18.36,0.2484,0,0
35,36,0,14,0,19.53,0.1529,0,0
35,36,0,15,0,19.19,0.2518,0,0
35,36,0,16,0,19.77,0.2788,0,0
35,36,0,17,0,19.77,0.3217,0,0
35,36,0,18,0,17.86,0.6879,1,0
35,36,0,19,0,15.79,0.7354,1,0
35,36,0,20,0,17.88,0.9806,1,1
35,36,0,21,0,15.39,0.5309,1,0
35,36,0,22,0,11.93,0.4179,0,0
35,36,0,23,0,13.04,0.567,0,0
36,37,1,0,0,9.82,0.1517,0,0
36,37,1,1,0,8.01,0.1719,0,0
36,37,1,2,0,8.66,0.1858,0,0
36,37,1,3,0,6.92,0.1475,0,0
36,37,1,4,0,7.58,0.1798,0,0
36,37,1,5,0,10.13,0.2354,0,0
36,37,1,6,0,9.41,0.9989,0,1
36,37,1,7,0,10.43,1.0045,0,1
36,37,1,8,0,12.9,0.2781,0,0
36,37,1,9,0,13.36,0.1702,0,0
36,37,1,10,0,14.35,0.2718,0,0
36,37,1,11,0,16.37,0.3012,0,0
36,37,1,12,0,16.76,0.1496,0,0
36,37,1,13,0,20.6,0.2797,0,0
36,37,1,14,0,18.37,0.2434,0,0
36,37,1,15,0,20.29,0.1722,0,0
36,37,1,16,0,19.45,0.2639,0,0
36,37,1,17,0,18.67,0.2909,0,0
36,37,1,18,0,17.89,0.6921,1,0
36,37,1,19,0,16.68,0.6032,1,0
36,37,1,20,0,14.78,0.9637,1,1
36,37,1,21,0,15.05,0.5758,1,0
36,37,1,22,0,13.55,0.5467,0,0
36,37,1,23,0,10.94,0.7087,0,0
37,38,2,0,0,11.61,0.1588,0,0
37,38,2,1,0,8.01,0.1492,0,0
37,38,2,2,0,8.88,0.1795,0,0
37,38,2,3,0,8.52,0.1664,0,0
37,38,2,4,0,8.33,0.1559,0,0
37,38,2,5,0,9.87,0.2785,0,0
37,38,2,6,0,10.26,0.8569,0,1
37,38,2,7,0,13.23,1.0121,0,1
37,38,2,8,0,12.02,0.1497,0,0
37,38,2,9,0,14.18,0.2596,0,0
37,38,2,10,0,17.42,0.1787,0,0
37,38,2,11,0,18.13,0.1521,0,0
37,38,2,12,0,19.21,0.2576,0,0
37,38,2,13,0,19.75,0.1629,0,0
37,38,2,14,0,20.75,0.1912,0,0
37,38,2,15,0,20.79,0.2478,0,0
37,38,2,16,0,18.4,0.1973,0,0
37,38,2,17,0,19.55,1.049,0,1
37,38,2,18,0,15.81,0.6927,1,0
37,38,2,19,0,15.88,0.7106,1,0
37,38,2,20,0,14.23,0.5659,1,0
37,38,2,21,0,14.98,0.6155,1,0
37,38,2,22,0,13.45,0.6878,0,0
37,38,2,23,0,11.3,0.6452,0,0
38,39,3,0,0,9.4,0.168,0,0
38,39,3,1,0,8.95,0.1831,0,0
38,39,3,2,0,8.75,0.1454,0,0
38,39,3,3,0,9.08,0.1325,0,0
38,39,3,4,0,8.73,0.1742,0,0
38,39,3,5,0,9.81,0.3015,0,0
38,39,3,6,0,11.01,0.7172,0,0
38,39,3,7,0,13.45,0.2769,0,0
38,39,3,8,0,12.19,0.2958,0,0
38,39,3,9,0,14.14,1.1196,0,1
38,39,3,10,0,15.93,0.2575,0,0
38,39,3,11,0,17.48,0.2986,0,0
38,39,3,12,0,18.95,1.0009,0,1
38,39,3,13,0,20.52,0.2031,0,0
38,39,3,14,0,19.03,0.273,0,0
38,39,3,15,0,18.84,0.1769,0,0
38,39,3,16,0,19.49,0.1942,0,0
38,39,3,17,0,19.44,0.1962,0,0
38,39,3,18,0,18.5,0.3964,1,0
38,39,3,19,0,17.47,0.4631,1,0
38,39,3,20,0,16.13,0.9542,1,1
38,39,3,21,0,12.79,0.7367,1,0
38,39,3,22,0,13.94,0.6154,0,0
38,39,3,23,0,9.9,0.3785,0,0
39,40,4,0,0,11.75,0.1363,0,0
39,40,4,1,0,9.52,0.1748,0,0
39,40,4,2,0,8.93,0.1478,0,0
39,40,4,3,0,10.95,0.1518,0,0
39,40,4,4,0,9.49,0.1444,0,0
39,40,4,5,0,8.82,0.2171,0,0
39,40,4,6,0,11.82,0.9368,0,1
39,40,4,7,0,12.11,0.3444,0,0
39,40,4,8,0,13.28,0.2593,0,0
39,40,4,9,0,12.03,0.1363,0,0
39,40,4,10,0,16.62,0.129,0,0
39,40,4,11,0,16.74,0.1954,0,0
39,40,4,12,0,18.99,0.2848,0,0
39,40,4,13,0,19.76,0.2173,0,0
39,40,4,14,0,18.62,0.2572,0,0
39,40,4,15,0,19.99,0.2639,0,0
39,40,4,16,0,19.02,0.2681,0,0
39,40,4,17,0,19.55,0.2349,0,0
39,40,4,18,0,19.44,0.5046,1,0
39,40,4,19,0,19.29,0.5376,1,0
39,40,4,20,0,14.49,0.9954,1,1
39,40,4,21,0,15.6,0.5911,1,0
39,40,4,22,0,12.2,0.6139,0,1
39,40,4,23,0,13.43,0.5442,0,0
40,41,5,0,1,8.77,0.1214,0,0
40,41,5,1,1,8.62,0.1442,0,0
40,41,5,2,1,8.18,0.1661,0,0
40,41,5,3,1,8.34,0.1552,0,0
40,41,5,4,1,10.09,0.1525,0,0
40,41,5,5,1,9.34,0.3117,0,0
40,41,5,6,1,9.35,0.6421,0,0
40,41,5,7,1,11.59,0.2934,0,0
40,41,5,8,1,12.73,0.2049,0,0
40,41,5,9,1,12.58,0.2445,0,0
40,41,5,10,1,14.87,0.2744,0,0
40,41,5,11,1,17.65,0.9648,0,1
40,41,5,12,1,18.02,0.2013,0,0
40,41,5,13,1,20.09,0.3223,0,0
40,41,5,14,1,20.22,0.2711,0,0
40,41,5,15,1,19.92,0.1713,0,0
40,41,5,16,1,20.3,0.1957,0,0
40,41,5,17,1,20.52,1.3826,0,1
40,41,5,18,1,18.92,0.7165,1,0
40,41,5,19,1,18.74,0.5166,1,0
40,41,5,20,1,17.71,1.2056,1,1
40,41,5,21,1,15.45,0.5224,1,0
40,41,5,22,1,13.3,0.5006,0,0
40,41,5,23,1,11.34,0.6563,0,0
41,42,6,0,1,11.56,0.1712,0,0
41,42,6,1,1,10.67,0.1717,0,0
41,42,6,2,1,9.22,0.1575,0,0
41,42,6,3,1,11.49,0.1682,0,0
41,42,6,4,1,8.56,0.1795,0,0
41,42,6,5,1,9.07,0.3292,0,0
41,42,6,6,1,12.43,0.886,0,1
41,42,6,7,1,12.58,0.8637,0,1
41,42,6,8,1,13.62,0.1994,0,0
41,42,6,9,1,17.01,0.2543,0,0
41,42,6,10,1,13.88,0.236,0,0
41,42,6,11,1,16.27,0.176,0,0
41,42,6,12,1,17.67,0.2665,0,0
41,42,6,13,1,18.72,0.4216,0,0
41,42,6,14,1,20.97,0.2892,0,0
41,42,6,15,1,19.69,0.1394,0,0
41,42,6,16,1,19.96,0.2775,0,0
41,42,6,17,1,19.7,0.3289,0,0
41,42,6,18,1,17.49,0.562,1,0
41,42,6,19,1,17.3,1.3391,1,1
41,42,6,20,1,16.27,0.7098,1,0
41,42,6,21,1,13.99,0.6465,1,0
41,42,6,22,1,12.69,0.6477,0,0
41,42,6,23,1,11.42,0.6725,0,0
42,43,0,0,0,10.54,0.1584,0,0
42,43,0,1,0,11.46,0.1327,0,0
42,43,0,2,0,11.45,0.1176,0,0
42,43,0,3,0,7.53,0.1758,0,0
42,43,0,4,0,9.9,0.1412,0,0
42,43,0,5,0,8.68,0.251,0,0
42,43,0,6,0,11.33,0.3258,0,0
42,43,0,7,0,14.05,0.9146,0,1
42,43,0,8,0,12.3,0.1682,0,0
42,43,0,9,0,15.4,0.2017,0,0
42,43,0,10,0,17.04,0.2521,0,0
42,43,0,11,0,14.94,0.2559,0,0
42,43,0,12,0,17.76,0.2931,0,0
42,43,0,13,0,20.3,0.2972,0,0
42,43,0,14,0,20.21,0.1241,0,0
42,43,0,15,0,19.5,0.2063,0,0
42,43,0,16,0,21.09,0.2454,0,0
42,43,0,17,0,19.81,0.3669,0,0
42,43,0,18,0,20.66,0.4285,1,0
42,43,0,19,0,17.54,0.4427,1,0
42,43,0,20,0,16.72,0.6147,1,1
42,43,0,21,0,14.96,0.4946,1,0
42,43,0,22,0,12.59,0.6913,0,1
42,43,0,23,0,11.89,0.5105,0,0
43,44,1,0,0,12.47,0.1595,0,0
43,44,1,1,0,9.74,0.2017,0,0
43,44,1,2,0,9.78,0.1578,0,0
43,44,1,3,0,7.34,0.1581,0,0
43,44,1,4,0,9.17,0.1451,0,0
43,44,1,5,0,8.42,0.2554,0,0
43,44,1,6,0,11.1,0.7278,0,1
43,44,1,7,0,12.19,0.6732,0,0
43,44,1,8,0,12.34,0.1813,0,0
43,44,1,9,0,13.34,0.1255,0,0
43,44,1,10,0,16.61,0.1791,0,0
43,44,1,11,0,17.94,0.2763,0,0
43,44,1,12,0,19.98,0.8772,0,1
43,44,1,13,0,20.62,0.1633,0,0
43,44,1,14,0,20.31,0.1652,0,0
43,44,1,15,0,21.55,0.1728,0,0
43,44,1,16,0,19.74,0.2769,0,0
43,44,1,17,0,20.71,0.2327,0,0
43,44,1,18,0,17.62,0.702,1,1
43,44,1,19,0,18.64,0.6868,1,0
43,44,1,20,0,16.03,0.5038,1,0
43,44,1,21,0,13.89,0.6086,1,0
43,44,1,22,0,13.86,0.5875,0,0
43,44,1,23,0,11.64,0.4938,0,0
44,45,2,0,0,10.83,0.1805,0,0
44,45,2,1,0,9.88,0.1692,0,0
44,45,2,2,0,8.06,0.1697,0,0
44,45,2,3,0,10.11,0.134,0,0
44,45,2,4,0,9.12,0.1417,0,0
44,45,2,5,0,9.77,0.2269,0,0
44,45,2,6,0,11.56,1.0882,0,1
44,45,2,7,0,11.76,0.671,0,0
44,45,2,8,0,15.1,0.2681,0,0
44,45,2,9,0,14.58,0.1548,0,0
44,45,2,10,0,15.92,0.1847,0,0
44,45,2,11,0,18.17,0.2899,0,0
44,45,2,12,0,18.19,0.2898,0,0
44,45,2,13,0,18.9,0.1735,0,0
44,45,2,14,0,21.21,0.2754,0,0
44,45,2,15,0,20.83,0.2825,0,0
44,45,2,16,0,20.24,0.8627,0,0
44,45,2,17,0,19.95,1.252,0,1
44,45,2,18,0,18.23,0.5848,1,0
44,45,2,19,0,19.17,1.0001,1,0
44,45,2,20,0,14.16,1.1408,1,1
44,45,2,21,0,14.41,0.6871,1,0
44,45,2,22,0,14.06,0.586,0,0
44,45,2,23,0,12.81,0.4558,0,0
45,46,3,0,0,11.69,0.1535,0,0
45,46,3,1,0,11.66,0.1661,0,0
45,46,3,2,0,9.0,0.1489,0,0
45,46,3,3,0,9.97,0.1348,0,0
45,46,3,4,0,9.14,0.1704,0,0
45,46,3,5,0,9.04,0.3199,0,0
45,46,3,6,0,9.96,0.9023,0,1
45,46,3,7,0,11.64,0.7964,0,0
45,46,3,8,0,15.18,0.2158,0,0
45,46,3,9,0,15.42,0.2565,0,0
45,46,3,10,0,17.03,1.0318,0,1
45,46,3,11,0,18.56,0.2297,0,0
45,46,3,12,0,20.67,0.2291,0,0
45,46,3,13,0,19.01,0.194,0,0
45,46,3,14,0,20.71,0.1981,0,0
45,46,3,15,0,20.65,0.2589,0,0
45,46,3,16,0,20.2,0.2513,0,0
45,46,3,17,0,20.8,0.1514,0,0
45,46,3,18,0,18.36,0.5483,1,0
45,46,3,19,0,16.81,1.1769,1,1
45,46,3,20,0,14.11,0.7382,1,0
45,46,3,21,0,13.58,0.5989,1,0
45,46,3,22,0,14.08,0.4571,0,0
45,46,3,23,0,10.63,0.7839,0,0
46,47,4,0,0,12.93,0.1674,0,0
46,47,4,1,0,10.8,0.1245,0,0
46,47,4,2,0,9.71,0.1588,0,0
46,47,4,3,0,9.54,0.1575,0,0
46,47,4,4,0,8.97,0.1414,0,0
46,47,4,5,0,12.2,0.233,0,0
46,47,4,6,0,12.6,0.7263,0,0
46,47,4,7,0,12.09,1.047,0,0
46,47,4,8,0,13.17,0.1955,0,0
46,47,4,9,0,15.76,0.132,0,0
46,47,4,10,0,15.74,1.1571,0,1
46,47,4,11,0,18.52,0.172,0,0
46,47,4,12,0,18.46,0.32,0,0
46,47,4,13,0,20.23,0.2093,0,0
46,47,4,14,0,20.74,1.1664,0,1
46,47,4,15,0,21.71,0.2925,0,0
46,47,4,16,0,20.72,0.1592,0,0
46,47,4,17,0,19.27,1.276,0,1
46,47,4,18,0,17.41,0.4755,1,0
46,47,4,19,0,17.26,0.5334,1,0
46,47,4,20,0,16.23,0.8701,1,0
46,47,4,21,0,12.76,0.4327,1,0
46,47,4,22,0,13.65,0.5967,0,0
46,47,4,23,0,12.07,0.5243,0,0
47,48,5,0,1,12.21,0.1613,0,0
47,48,5,1,1,10.25,0.1282,0,0
47,48,5,2,1,9.79,0.1334,0,0
47,48,5,3,1,8.92,0.1776,0,0
47,48,5,4,1,9.36,0.1809,0,0
47,48,5,5,1,9.07,0.2258,0,0
47,48,5,6,1,11.07,0.8097,0,1
47,48,5,7,1,13.56,0.3148,0,0
47,48,5,8,1,12.56,0.2881,0,0
47,48,5,9,1,16.5,0.1822,0,0
47,48,5,10,1,16.76,0.1667,0,0
47,48,5,11,1,19.81,0.9958,0,1
47,48,5,12,1,16.56,0.2196,0,0
47,48,5,13,1,20.8,0.2385,0,0
47,48,5,14,1,18.24,0.2248,0,0
47,48,5,15,1,19.13,0.2599,0,0
47,48,5,16,1,20.24,1.1253,0,1
47,48,5,17,1,20.62,0.3907,0,0
47,48,5,18,1,20.87,0.6042,1,0
47,48,5,19,1,17.91,0.5903,1,0
47,48,5,20,1,16.27,0.5103,1,0
47,48,5,21,1,14.71,0.4129,1,0
47,48,5,22,1,15.53,0.5514,0,0
47,48,5,23,1,12.59,0.6352,0,0
48,49,6,0,1,11.77,0.1556,0,0
48,49,6,1,1,10.11,0.158,0,0
48,49,6,2,1,10.0,0.1732,0,0
48,49,6,3,1,9.12,0.1621,0,0
48,49,6,4,1,11.18,0.176,0,0
48,49,6,5,1,9.74,0.2884,0,0
48,49,6,6,1,10.61,0.8509,0,1
48,49,6,7,1,13.82,0.7335,0,0
48,49,6,8,1,13.54,0.2147,0,0
48,49,6,9,1,16.1,0.1935,0,0
48,49,6,10,1,17.72,1.3606,0,1
48,49,6,11,1,19.7,0.1672,0,0
48,49,6,12,1,19.74,0.1243,0,0
48,49,6,13,1,18.36,0.3412,0,0
48,49,6,14,1,20.54,0.9812,0,1
48,49,6,15,1,19.06,0.1636,0,0
48,49,6,16,1,19.32,0.3448,0,0
48,49,6,17,1,20.56,0.3471,0,0
48,49,6,18,1,20.47,0.4709,1,0
48,49,6,19,1,16.49,0.5176,1,0
48,49,6,20,1,16.98,0.4645,1,0
48,49,6,21,1,15.03,0.544,1,0
48,49,6,22,1,14.51,0.5629,0,0
48,49,6,23,1,12.92,0.6228,0,0
49,50,0,0,0,10.79,0.1633,0,0
49,50,0,1,0,10.29,0.1588,0,0
49,50,0,2,0,11.97,0.137,0,0
49,50,0,3,0,9.4,0.1614,0,0
49,50,0,4,0,11.33,0.1364,0,0
49,50,0,5,0,11.41,0.2961,0,0
49,50,0,6,0,12.76,0.7456,0,1
49,50,0,7,0,11.81,0.2793,0,0
49,50,0,8,0,13.69,0.1375,0,0
49,50,0,9,0,14.9,0.1562,0,0
49,50,0,10,0,17.87,0.2935,0,0
49,50,0,11,0,19.09,0.187,0,0
49,50,0,12,0,19.03,0.2276,0,0
49,50,0,13,0,19.11,0.3089,0,0
49,50,0,14,0,20.23,0.2611,0,0
49,50,0,15,0,20.62,0.2463,0,0
49,50,0,16,0,19.87,0.234,0,0
49,50,0,17,0,19.04,1.0561,0,1
49,50,0,18,0,18.75,0.4643,1,0
49,50,0,19,0,17.55,0.5459,1,0
49,50,0,20,0,18.25,1.1663,1,1
49,50,0,21,0,16.9,0.6335,1,0
49,50,0,22,0,14.32,0.7041,0,0
49,50,0,23,0,15.31,0.6321,0,0
50,51,1,0,0,12.32,0.1423,0,0
50,51,1,1,0,10.34,0.1594,0,0
50,51,1,2,0,10.12,0.1417,0,0
50,51,1,3,0,9.9,0.1445,0,0
50,51,1,4,0,9.46,0.1435,0,0
50,51,1,5,0,11.55,0.2524,0,0
50,51,1,6,0,11.08,0.8819,0,1
50,51,1,7,0,11.84,0.3707,0,0
50,51,1,8,0,15.24,0.2949,0,0
50,51,1,9,0,14.33,0.2183,0,0
50,51,1,10,0,16.74,0.3139,0,0
50,51,1,11,0,17.97,0.1858,0,0
50,51,1,12,0,17.98,0.2763,0,0
50,51,1,13,0,19.57,0.1932,0,0
50,51,1,14,0,19.82,0.2449,0,0
50,51,1,15,0,21.77,0.1265,0,0
50,51,1,16,0,19.27,0.2941,0,0
50,51,1,17,0,20.44,0.3631,0,0
50,51,1,18,0,20.72,0.5484,1,0
50,51,1,19,0,17.73,0.4235,1,0
50,51,1,20,0,16.17,1.0365,1,1
50,51,1,21,0,17.92,0.6395,1,0
50,51,1,22,0,15.64,0.5207,0,0
50,51,1,23,0,12.53,0.741,0,1
51,52,2,0,0,14.18,0.1568,0,0
51,52,2,1,0,9.97,0.1374,0,0
51,52,2,2,0,9.54,0.1803,0,0
51,52,2,3,0,10.23,0.1834,0,0
51,52,2,4,0,10.77,0.1546,0,0
51,52,2,5,0,13.0,0.3227,0,0
51,52,2,6,0,12.42,0.9712,0,0
51,52,2,7,0,12.6,0.9364,0,0
51,52,2,8,0,15.54,0.1475,0,0
51,52,2,9,0,16.06,1.3087,0,1
51,52,2,10,0,17.46,0.2068,0,0
51,52,2,11,0,17.11,0.2463,0,0
51,52,2,12,0,19.62,1.1042,0,1
51,52,2,13,0,19.38,1.2088,0,1
51,52,2,14,0,20.36,0.2461,0,0
51,52,2,15,0,21.77,0.2083,0,0
51,52,2,16,0,21.25,0.1738,0,0
51,52,2,17,0,20.88,0.4134,0,0
51,52,2,18,0,18.5,0.3768,1,0
51,52,2,19,0,19.02,0.6314,1,0
51,52,2,20,0,15.98,0.9811,1,0
51,52,2,21,0,15.25,0.3965,1,0
51,52,2,22,0,13.23,0.5677,0,0
51,52,2,23,0,13.85,0.3855,0,0
52,53,3,0,0,12.21,0.1525,0,0
52,53,3,1,0,11.73,0.1746,0,0
52,53,3,2,0,10.65,0.1352,0,0
52,53,3,3,0,10.14,0.1687,0,0
52,53,3,4,0,10.46,0.1672,0,0
52,53,3,5,0,10.49,0.2508,0,0
52,53,3,6,0,11.42,0.857,0,0
52,53,3,7,0,13.77,0.9965,0,1
52,53,3,8,0,14.87,0.2466,0,0
52,53,3,9,0,15.6,0.196,0,0
52,53,3,10,0,16.46,0.1312,0,0
52,53,3,11,0,18.59,0.9371,0,1
52,53,3,12,0,19.68,0.1537,0,0
52,53,3,13,0,20.02,0.2113,0,0
52,53,3,14,0,20.41,0.2482,0,0
52,53,3,15,0,20.82,0.1338,0,0
52,53,3,16,0,21.96,0.2701,0,0
52,53,3,17,0,20.15,0.2704,0,0
52,53,3,18,0,19.2,0.7138,1,0
52,53,3,19,0,18.09,0.589,1,0
52,53,3,20,0,16.56,1.0923,1,1
52,53,3,21,0,15.65,0.6594,1,0
52,53,3,22,0,15.65,0.7474,0,0
52,53,3,23,0,10.91,0.5486,0,0
53,54,4,0,0,11.69,0.1734,0,0
53,54,4,1,0,10.86,0.1241,0,0
53,54,4,2,0,11.86,0.1763,0,0
53,54,4,3,0,8.72,0.1386,0,0
53,54,4,4,0,12.15,0.1632,0,0
53,54,4,5,0,12.04,0.3044,0,0
53,54,4,6,0,11.87,0.313,0,0
53,54,4,7,0,13.31,0.7211,0,1
53,54,4,8,0,14.84,0.1513,0,0
53,54,4,9,0,16.9,0.1206,0,0
53,54,4,10,0,16.77,0.28,0,0
53,54,4,11,0,17.78,0.2363,0,0
53,54,4,12,0,21.41,0.1688,0,0
53,54,4,13,0,21.54,1.0034,0,1
53,54,4,14,0,20.94,0.2347,0,0
53,54,4,15,0,21.45,0.2407,0,0
53,54,4,16,0,19.86,0.211,0,0
53,54,4,17,0,21.69,0.2382,0,0
53,54,4,18,0,19.65,0.5374,1,0
53,54,4,19,0,17.47,0.7443,1,1
53,54,4,20,0,17.86,0.5019,1,0
53,54,4,21,0,17.4,0.6708,1,0
53,54,4,22,0,14.36,0.6787,0,0
53,54,4,23,0,14.93,0.6564,0,0
54,55,5,0,1,14.0,0.1568,0,0
54,55,5,1,1,10.26,0.1372,0,0
54,55,5,2,1,10.74,0.1558,0,0
54,55,5,3,1,11.17,0.1426,0,0
54,55,5,4,1,9.39,0.18,0,0
54,55,5,5,1,12.15,0.3509,0,0
54,55,5,6,1,9.51,0.3348,0,0
54,55,5,7,1,12.39,0.9781,0,1
54,55,5,8,1,16.31,0.3025,0,0
54,55,5,9,1,14.25,0.267,0,0
54,55,5,10,1,19.82,0.2501,0,0
54,55,5,11,1,19.84,0.1707,0,0
54,55,5,12,1,20.52,0.2052,0,0
54,55,5,13,1,20.0,0.311,0,0
54,55,5,14,1,19.78,0.2779,0,0
54,55,5,15,1,23.08,0.2465,0,0
54,55,5,16,1,19.13,0.9216,0,0
54,55,5,17,1,19.68,1.4535,0,1
54,55,5,18,1,17.12,0.7299,1,0
54,55,5,19,1,19.9,0.5643,1,0
54,55,5,20,1,17.46,1.1151,1,1
54,55,5,21,1,14.8,0.6443,1,0
54,55,5,22,1,14.1,0.6251,0,0
54,55,5,23,1,14.57,0.5828,0,0
55,56,6,0,1,11.69,0.1619,0,0
55,56,6,1,1,11.4,0.1606,0,0
55,56,6,2,1,11.55,0.1438,0,0
55,56,6,3,1,10.33,0.1523,0,0
55,56,6,4,1,11.68,0.1628,0,0
55,56,6,5,1,11.23,0.3402,0,0
55,56,6,6,1,11.37,0.8711,0,0
55,56,6,7,1,16.71,0.7364,0,0
55,56,6,8,1,11.63,0.1798,0,0
55,56,6,9,1,15.83,0.1941,0,0
55,56,6,10,1,16.36,1.1485,0,1
55,56,6,11,1,18.86,1.118,0,1
55,56,6,12,1,19.32,1.1437,0,1
55,56,6,13,1,21.38,0.3136,0,0
55,56,6,14,1,22.0,1.0236,0,0
55,56,6,15,1,22.9,1.094,0,0
55,56,6,16,1,21.5,0.2588,0,0
55,56,6,17,1,21.24,0.2396,0,0
55,56,6,18,1,18.13,0.5768,1,0
55,56,6,19,1,17.67,0.9708,1,0
55,56,6,20,1,17.29,1.0831,1,0
55,56,6,21,1,15.86,0.6398,1,0
55,56,6,22,1,15.54,0.5176,0,0
55,56,6,23,1,14.55,0.5127,0,0
56,57,0,0,0,11.62,0.1661,0,0
56,57,0,1,0,10.11,0.1694,0,0
56,57,0,2,0,11.59,0.1531,0,0
56,57,0,3,0,11.97,0.1776,0,0
56,57,0,4,0,11.36,0.17,0,0
56,57,0,5,0,10.02,0.2869,0,0
56,57,0,6,0,12.91,0.8838,0,1
56,57,0,7,0,13.48,0.909,0,1
56,57,0,8,0,15.23,0.1449,0,0
56,57,0,9,0,18.05,0.2862,0,0
56,57,0,10,0,16.99,0.2916,0,0
56,57,0,11,0,18.32,0.1516,0,0
56,57,0,12,0,18.29,0.2774,0,0
56,57,0,13,0,19.99,0.1537,0,0
56,57,0,14,0,20.95,0.2875,0,0
56,57,0,15,0,23.64,0.1951,0,0
56,57,0,16,0,20.37,0.2661,0,0
56,57,0,17,0,20.93,0.3186,0,0
56,57,0,18,0,19.26,0.5582,1,0
56,57,0,19,0,16.79,1.2384,1,1
56,57,0,20,0,18.16,0.7401,1,0
56,57,0,21,0,14.77,0.5963,1,0
56,57,0,22,0,12.3,0.8212,0,0
56,57,0,23,0,15.53,0.6105,0,0
57,58,1,0,0,13.31,0.1402,0,0
57,58,1,1,0,11.69,0.1804,0,0
57,58,1,2,0,13.13,0.1717,0,0
57,58,1,3,0,10.09,0.1461,0,0
57,58,1,4,0,10.87,0.1539,0,0
57,58,1,5,0,12.87,0.3029,0,0
57,58,1,6,0,11.81,0.5977,0,0
57,58,1,7,0,13.48,0.8616,0,1
57,58,1,8,0,15.16,0.2044,0,0
57,58,1,9,0,14.89,0.2571,0,0
57,58,1,10,0,17.59,0.2083,0,0
57,58,1,11,0,17.68,0.2619,0,0
57,58,1,12,0,21.35,0.2484,0,0
57,58,1,13,0,22.61,1.0979,0,1
57,58,1,14,0,20.82,0.2287,0,0
57,58,1,15,0,22.16,0.1549,0,0
57,58,1,16,0,20.46,0.2066,0,0
57,58,1,17,0,21.3,0.3056,0,0
57,58,1,18,0,19.99,0.5538,1,0
57,58,1,19,0,19.33,0.475,1,0
57,58,1,20,0,18.15,0.5719,1,0
57,58,1,21,0,16.56,0.5374,1,0
57,58,1,22,0,16.67,0.5212,0,0
57,58,1,23,0,12.83,0.5994,0,1
58,59,2,0,0,11.98,0.1442,0,0
58,59,2,1,0,12.29,0.1722,0,0
58,59,2,2,0,9.53,0.1936,0,0
58,59,2,3,0,11.19,0.1232,0,0
58,59,2,4,0,13.08,0.1332,0,0
58,59,2,5,0,9.97,0.2697,0,0
58,59,2,6,0,12.61,0.8818,0,1
58,59,2,7,0,13.41,0.6294,0,0
58,59,2,8,0,16.07,0.1893,0,0
58,59,2,9,0,15.71,0.1772,0,0
58,59,2,10,0,17.17,0.2449,0,0
58,59,2,11,0,18.54,0.1848,0,0
58,59,2,12,0,20.35,0.1823,0,0
58,59,2,13,0,20.22,0.2384,0,0
58,59,2,14,0,23.23,0.2347,0,0
58,59,2,15,0,22.33,0.2409,0,0
58,59,2,16,0,20.84,0.2809,0,0
58,59,2,17,0,21.18,0.2865,0,0
58,59,2,18,0,20.02,0.603,1,0
58,59,2,19,0,19.86,0.6946,1,0
58,59,2,20,0,19.11,0.9783,1,1
58,59,2,21,0,16.79,0.5042,1,0
58,59,2,22,0,15.25,0.7315,0,1
58,59,2,23,0,15.0,0.6332,0,0
59,60,3,0,0,11.84,0.177,0,0
59,60,3,1,0,12.07,0.1553,0,0
59,60,3,2,0,10.52,0.1607,0,0
59,60,3,3,0,9.94,0.1502,0,0
59,60,3,4,0,11.13,0.129,0,0
59,60,3,5,0,11.59,0.2045,0,0
59,60,3,6,0,14.11,0.895,0,1
59,60,3,7,0,13.89,0.8646,0,1
59,60,3,8,0,15.04,0.1602,0,0
59,60,3,9,0,15.54,0.2845,0,0
59,60,3,10,0,17.36,0.198,0,0
59,60,3,11,0,18.61,0.2015,0,0
59,60,3,12,0,20.71,0.1214,0,0
59,60,3,13,0,20.97,0.2987,0,0
59,60,3,14,0,22.66,0.1608,0,0
59,60,3,15,0,23.66,0.2204,0,0
59,60,3,16,0,20.64,0.1369,0,0
59,60,3,17,0,22.94,0.2164,0,0
59,60,3,18,0,19.55,0.6278,1,0
59,60,3,19,0,20.45,0.6452,1,0
59,60,3,20,0,19.4,0.9336,1,1
59,60,3,21,0,16.89,0.7412,1,0
59,60,3,22,0,14.77,0.6287,0,0
59,60,3,23,0,14.86,0.6327,0,0
60,61,4,0,0,12.27,0.1585,0,0
60,61,4,1,0,12.53,0.1298,0,0
60,61,4,2,0,11.75,0.1516,0,0
60,61,4,3,0,10.72,0.1444,0,0
60,61,4,4,0,12.09,0.1681,0,0
60,61,4,5,0,11.57,0.2181,0,0
60,61,4,6,0,13.56,0.8092,0,0
60,61,4,7,0,13.19,0.2775,0,0
60,61,4,8,0,15.08,0.1892,0,0
60,61,4,9,0,17.85,0.1776,0,0
60,61,4,10,0,19.64,0.1361,0,0
60,61,4,11,0,17.76,0.1537,0,0
60,61,4,12,0,20.92,0.2867,0,0
60,61,4,13,0,22.39,0.1418,0,0
60,61,4,14,0,21.55,0.9885,0,1
60,61,4,15,0,21.21,0.2252,0,0
60,61,4,16,0,19.32,0.2964,0,0
60,61,4,17,0,21.91,0.4185,0,0
60,61,4,18,0,18.64,0.4801,1,0
60,61,4,19,0,18.98,0.9233,1,1
60,61,4,20,0,18.38,1.2666,1,1
60,61,4,21,0,15.06,0.528,1,0
60,61,4,22,0,15.77,0.5306,0,0
60,61,4,23,0,14.2,0.5666,0,0
61,62,5,0,1,11.92,0.1551,0,0
61,62,5,1,1,11.82,0.1707,0,0
61,62,5,2,1,12.26,0.1607,0,0
61,62,5,3,1,13.85,0.1434,0,0
61,62,5,4,1,13.53,0.147,0,0
61,62,5,5,1,13.31,0.2833,0,0
61,62,5,6,1,12.25,0.8737,0,0
61,62,5,7,1,13.69,0.2848,0,0
61,62,5,8,1,15.23,0.1922,0,0
61,62,5,9,1,19.51,0.194,0,0
61,62,5,10,1,18.64,0.2222,0,0
61,62,5,11,1,17.83,1.2389,0,1
61,62,5,12,1,21.01,0.2856,0,0
61,62,5,13,1,23.23,0.2611,0,0
61,62,5,14,1,22.99,0.1738,0,0
61,62,5,15,1,22.87,0.338,0,0
61,62,5,16,1,21.54,0.2939,0,0
61,62,5,17,1,22.56,1.218,0,1
61,62,5,18,1,19.7,0.7126,1,0
61,62,5,19,1,19.41,0.5257,1,0
61,62,5,20,1,19.35,0.9685,1,1
61,62,5,21,1,18.76,0.7079,1,0
61,62,5,22,1,17.53,0.6388,0,0
61,62,5,23,1,14.95,0.6912,0,0
62,63,6,0,1,13.05,0.1603,0,0
62,63,6,1,1,12.39,0.1614,0,0
62,63,6,2,1,11.19,0.1588,0,0
62,63,6,3,1,9.79,0.1314,0,0
62,63,6,4,1,11.89,0.1535,0,0
62,63,6,5,1,11.02,0.232,0,0
62,63,6,6,1,13.25,1.0547,0,1
62,63,6,7,1,14.35,0.8173,0,0
62,63,6,8,1,16.11,0.1389,0,0
62,63,6,9,1,17.05,0.2636,0,0
62,63,6,10,1,18.26,0.1526,0,0
62,63,6,11,1,22.01,0.1628,0,0
62,63,6,12,1,21.32,0.2622,0,0
62,63,6,13,1,20.65,0.3119,0,0
62,63,6,14,1,22.46,0.2662,0,0
62,63,6,15,1,21.5,0.3707,0,0
62,63,6,16,1,23.44,1.0883,0,1
62,63,6,17,1,23.12,0.3221,0,0
62,63,6,18,1,21.33,0.6126,1,0
62,63,6,19,1,18.73,0.6024,1,0
62,63,6,20,1,18.2,1.2598,1,1
62,63,6,21,1,17.27,0.5064,1,0
62,63,6,22,1,15.66,0.5584,0,0
62,63,6,23,1,13.31,0.5951,0,0
63,64,0,0,0,13.94,0.1748,0,0
63,64,0,1,0,13.01,0.1351,0,0
63,64,0,2,0,10.59,0.1874,0,0
63,64,0,3,0,11.12,0.1859,0,0
63,64,0,4,0,10.86,0.1773,0,0
63,64,0,5,0,14.27,0.2765,0,0
63,64,0,6,0,12.56,0.7019,0,1
63,64,0,7,0,14.58,0.7401,0,1
63,64,0,8,0,16.12,0.2456,0,0
63,64,0,9,0,17.05,0.1888,0,0
63,64,0,10,0,17.68,0.2993,0,0
63,64,0,11,0,18.84,0.1706,0,0
63,64,0,12,0,20.4,0.2007,0,0
63,64,0,13,0,21.91,0.2209,0,0
63,64,0,14,0,23.69,0.3014,0,0
63,64,0,15,0,23.24,0.1248,0,0
63,64,0,16,0,22.21,0.186,0,0
63,64,0,17,0,23.0,0.2163,0,0
63,64,0,18,0,20.12,0.6126,1,0
63,64,0,19,0,21.11,0.6385,1,0
63,64,0,20,0,19.24,0.5603,1,0
63,64,0,21,0,16.38,0.6699,1,0
63,64,0,22,0,17.18,0.7497,0,1
63,64,0,23,0,15.13,0.5895,0,0
64,65,1,0,0,12.9,0.1683,0,0
64,65,1,1,0,10.79,0.1257,0,0
64,65,1,2,0,12.61,0.1752,0,0
64,65,1,3,0,11.63,0.169,0,0
64,65,1,4,0,12.25,0.1637,0,0
64,65,1,5,0,12.86,0.2239,0,0
64,65,1,6,0,14.77,0.9959,0,1
64,65,1,7,0,14.43,0.8551,0,0
64,65,1,8,0,15.87,0.1818,0,0
64,65,1,9,0,17.26,0.1787,0,0
64,65,1,10,0,18.36,0.2671,0,0
64,65,1,11,0,20.54,0.1366,0,0
64,65,1,12,0,22.62,0.2258,0,0
64,65,1,13,0,20.22,0.2526,0,0
64,65,1,14,0,22.0,0.2817,0,0
64,65,1,15,0,24.33,0.2095,0,0
64,65,1,16,0,21.09,0.2197,0,0
64,65,1,17,0,20.88,1.1532,0,1
64,65,1,18,0,21.18,0.6479,1,0
64,65,1,19,0,18.92,1.0048,1,1
64,65,1,20,0,19.91,0.4901,1,0
64,65,1,21,0,19.13,0.4972,1,0
64,65,1,22,0,15.79,0.6078,0,0
64,65,1,23,0,14.9,0.4168,0,0
65,66,2,0,0,13.62,0.183,0,0
65,66,2,1,0,12.21,0.1591,0,0
65,66,2,2,0,11.9,0.149,0,0
65,66,2,3,0,11.63,0.1913,0,0
65,66,2,4,0,14.14,0.151,0,0
65,66,2,5,0,13.18,0.2687,0,0
65,66,2,6,0,11.27,0.7167,0,1
65,66,2,7,0,16.56,0.9008,0,1
65,66,2,8,0,15.48,0.2299,0,0
65,66,2,9,0,19.56,0.2477,0,0
65,66,2,10,0,19.21,0.1433,0,0
65,66,2,11,0,20.59,0.1881,0,0
65,66,2,12,0,21.63,0.148,0,0
65,66,2,13,0,21.01,0.1474,0,0
65,66,2,14,0,20.73,0.2993,0,0
65,66,2,15,0,23.95,0.2978,0,0
65,66,2,16,0,22.24,0.2692,0,0
65,66,2,17,0,22.6,0.2293,0,0
65,66,2,18,0,21.84,0.3977,1,0
65,66,2,19,0,20.41,0.5039,1,0
65,66,2,20,0,19.83,0.3546,1,0
65,66,2,21,0,19.49,0.5362,1,0
65,66,2,22,0,15.97,0.6459,0,0
65,66,2,23,0,16.04,0.7508,0,1
66,67,3,0,0,12.53,0.1227,0,0
66,67,3,1,0,12.95,0.179,0,0
66,67,3,2,0,12.93,0.177,0,0
66,67,3,3,0,11.56,0.1654,0,0
66,67,3,4,0,11.19,0.1493,0,0
66,67,3,5,0,15.2,0.3096,0,0
66,67,3,6,0,15.0,0.7592,0,0
66,67,3,7,0,14.25,0.9761,0,1
66,67,3,8,0,16.74,0.2183,0,0
66,67,3,9,0,17.76,0.1547,0,0
66,67,3,10,0,17.89,0.206,0,0
66,67,3,11,0,20.08,0.2642,0,0
66,67,3,12,0,21.19,1.3055,0,1
66,67,3,13,0,22.64,0.2686,0,0
66,67,3,14,0,23.09,0.1872,0,0
66,67,3,15,0,25.26,0.1924,0,0
66,67,3,16,0,23.16,0.2118,0,0
66,67,3,17,0,22.13,0.3851,0,0
66,67,3,18,0,21.24,0.5949,1,0
66,67,3,19,0,22.39,1.1427,1,1
66,67,3,20,0,18.06,0.8605,1,0
66,67,3,21,0,16.99,0.6487,1,0
66,67,3,22,0,14.9,0.5635,0,0
66,67,3,23,0,16.31,0.4296,0,0
67,68,4,0,0,13.99,0.1847,0,0
67,68,4,1,0,12.58,0.1719,0,0
67,68,4,2,0,13.32,0.169,0,0
67,68,4,3,0,10.44,0.1815,0,0
67,68,4,4,0,12.56,0.1778,0,0
67,68,4,5,0,12.93,0.2855,0,0
67,68,4,6,0,14.61,0.8919,0,1
67,68,4,7,0,17.31,0.2986,0,0
67,68,4,8,0,16.66,0.2039,0,0
67,68,4,9,0,19.58,0.2608,0,0
67,68,4,10,0,20.01,0.133,0,0
67,68,4,11,0,22.13,0.2134,0,0
67,68,4,12,0,22.76,0.1898,0,0
67,68,4,13,0,22.95,0.2386,0,0
67,68,4,14,0,23.93,1.0375,0,1
67,68,4,15,0,21.76,0.2775,0,0
67,68,4,16,0,25.18,0.2052,0,0
67,68,4,17,0,22.85,0.3055,0,0
67,68,4,18,0,20.99,0.7467,1,0
67,68,4,19,0,20.74,0.3902,1,0
67,68,4,20,0,18.79,0.7639,1,1
67,68,4,21,0,17.74,0.5983,1,0
67,68,4,22,0,16.89,0.4153,0,0
67,68,4,23,0,16.04,0.4817,0,0
68,69,5,0,1,13.61,0.1487,0,0
68,69,5,1,1,14.74,0.1658,0,0
68,69,5,2,1,14.0,0.1714,0,0
68,69,5,3,1,11.87,0.1529,0,0
68,69,5,4,1,10.43,0.1732,0,0
68,69,5,5,1,13.13,0.3243,0,0
68,69,5,6,1,12.87,0.9573,0,0
68,69,5,7,1,15.41,0.7938,0,0
68,69,5,8,1,17.01,0.2411,0,0
68,69,5,9,1,18.28,0.211,0,0
68,69,5,10,1,17.5,0.143,0,0
68,69,5,11,1,22.3,0.2081,0,0
68,69,5,12,1,20.01,1.0587,0,1
68,69,5,13,1,24.61,0.2585,0,0
68,69,5,14,1,24.34,0.3955,0,0
68,69,5,15,1,22.87,1.077,0,1
68,69,5,16,1,23.98,0.2035,0,0
68,69,5,17,1,21.45,0.3275,0,0
68,69,5,18,1,24.94,0.6122,1,0
68,69,5,19,1,21.84,1.0563,1,1
68,69,5,20,1,19.19,0.9725,1,0
68,69,5,21,1,17.68,0.5207,1,0
68,69,5,22,1,16.77,0.5019,0,0
68,69,5,23,1,15.77,0.5445,0,0
69,70,6,0,1,15.08,0.1645,0,0
69,70,6,1,1,14.33,0.1289,0,0
69,70,6,2,1,11.8,0.1599,0,0
69,70,6,3,1,14.21,0.1692,0,0
69,70,6,4,1,11.3,0.1578,0,0
69,70,6,5,1,13.36,0.2275,0,0
69,70,6,6,1,13.12,0.9392,0,0
69,70,6,7,1,14.92,0.9911,0,1
69,70,6,8,1,16.15,0.2008,0,0
69,70,6,9,1,18.2,0.171,0,0
69,70,6,10,1,20.96,0.2556,0,0
69,70,6,11,1,21.18,1.1945,0,1
69,70,6,12,1,22.63,0.2586,0,0
69,70,6,13,1,24.63,0.3578,0,0
69,70,6,14,1,22.74,1.3384,0,1
69,70,6,15,1,21.9,0.376,0,0
69,70,6,16,1,23.64,0.2102,0,0
69,70,6,17,1,22.09,0.3909,0,0
69,70,6,18,1,22.44,0.6182,1,0
69,70,6,19,1,22.05,0.5596,1,0
69,70,6,20,1,18.16,0.4332,1,0
69,70,6,21,1,18.17,0.5987,1,0
69,70,6,22,1,16.98,0.61,0,0
69,70,6,23,1,17.06,0.6236,0,0
70,71,0,0,0,13.05,0.1533,0,0
70,71,0,1,0,13.26,0.13,0,0
70,71,0,2,0,10.57,0.1814,0,0
70,71,0,3,0,11.91,0.1755,0,0
70,71,0,4,0,13.29,0.1406,0,0
70,71,0,5,0,13.23,0.3149,0,0
70,71,0,6,0,13.03,0.1863,0,0
70,71,0,7,0,16.37,0.2507,0,0
70,71,0,8,0,14.95,0.2906,0,0
70,71,0,9,0,20.23,0.2317,0,0
70,71,0,10,0,18.79,0.1753,0,0
70,71,0,11,0,18.7,0.1762,0,0
70,71,0,12,0,21.88,0.2942,0,0
70,71,0,13,0,22.85,0.1367,0,0
70,71,0,14,0,24.22,1.0052,0,1
70,71,0,15,0,23.38,0.286,0,0
70,71,0,16,0,24.56,0.1213,0,0
70,71,0,17,0,22.56,0.3084,0,0
70,71,0,18,0,24.23,0.5906,1,0
70,71,0,19,0,19.91,0.6515,1,1
70,71,0,20,0,20.09,0.6358,1,0
70,71,0,21,0,19.49,0.4123,1,0
70,71,0,22,0,15.87,0.4815,0,0
70,71,0,23,0,16.41,0.6617,0,1
71,72,1,0,0,13.45,0.1393,0,0
71,72,1,1,0,12.63,0.12,0,0
71,72,1,2,0,12.1,0.1476,0,0
71,72,1,3,0,11.85,0.1559,0,0
71,72,1,4,0,13.55,0.1373,0,0
71,72,1,5,0,13.85,0.2609,0,0
71,72,1,6,0,14.04,0.8978,0,1
71,72,1,7,0,15.87,0.9271,0,1
71,72,1,8,0,16.44,0.2829,0,0
71,72,1,9,0,17.97,0.2512,0,0
71,72,1,10,0,20.11,0.2128,0,0
71,72,1,11,0,21.64,0.2358,0,0
71,72,1,12,0,21.92,0.2591,0,0
71,72,1,13,0,22.27,0.2972,0,0
71,72,1,14,0,24.6,0.1534,0,0
71,72,1,15,0,24.63,0.1882,0,0
71,72,1,16,0,24.63,0.1601,0,0
71,72,1,17,0,21.86,0.3596,0,0
71,72,1,18,0,22.29,0.5981,1,0
71,72,1,19,0,22.38,0.891,1,1
71,72,1,20,0,19.52,0.6014,1,0
71,72,1,21,0,19.76,0.6274,1,0
71,72,1,22,0,16.22,0.5576,0,0
71,72,1,23,0,14.27,0.5376,0,0
72,73,2,0,0,13.81,0.1544,0,0
72,73,2,1,0,15.89,0.1382,0,0
72,73,2,2,0,14.3,0.1467,0,0
72,73,2,3,0,10.38,0.1625,0,0
72,73,2,4,0,12.28,0.1337,0,0
72,73,2,5,0,14.72,0.3575,0,0
72,73,2,6,0,15.15,0.6898,0,1
72,73,2,7,0,16.21,0.6053,0,0
72,73,2,8,0,17.53,0.2344,0,0
72,73,2,9,0,16.86,0.1288,0,0
72,73,2,10,0,20.28,0.1528,0,0
72,73,2,11,0,20.82,0.1306,0,0
72,73,2,12,0,21.08,0.255,0,0
72,73,2,13,0,23.27,0.16,0,0
72,73,2,14,0,25.91,0.235,0,0
72,73,2,15,0,23.32,0.2234,0,0
72,73,2,16,0,24.77,0.2739,0,0
72,73,2,17,0,23.68,0.2539,0,0
72,73,2,18,0,23.01,0.5849,1,0
72,73,2,19,0,22.02,0.7455,1,1
72,73,2,20,0,19.79,0.6831,1,0
72,73,2,21,0,16.6,0.52,1,0
72,73,2,22,0,17.18,0.5958,0,0
72,73,2,23,0,17.37,0.7045,0,1
73,74,3,0,0,16.13,0.1537,0,0
73,74,3,1,0,13.68,0.1843,0,0
73,74,3,2,0,11.66,0.1576,0,0
73,74,3,3,0,14.04,0.136,0,0
73,74,3,4,0,12.5,0.1734,0,0
73,74,3,5,0,13.51,0.3053,0,0
73,74,3,6,0,13.91,0.3243,0,0
73,74,3,7,0,16.49,1.092,0,1
73,74,3,8,0,15.81,0.2879,0,0
73,74,3,9,0,19.55,0.2517,0,0
73,74,3,10,0,22.2,1.301,0,1
73,74,3,11,0,22.06,0.1627,0,0
73,74,3,12,0,21.78,0.2241,0,0
73,74,3,13,0,21.64,0.1594,0,0
73,74,3,14,0,24.21,0.2569,0,0
73,74,3,15,0,20.78,0.2302,0,0
73,74,3,16,0,24.42,0.2567,0,0
73,74,3,17,0,22.63,0.3244,0,0
73,74,3,18,0,23.14,0.5873,1,0
73,74,3,19,0,23.21,0.4891,1,0
73,74,3,20,0,18.32,0.5763,1,0
73,74,3,21,0,19.19,0.4421,1,0
73,74,3,22,0,17.52,0.7731,0,1
73,74,3,23,0,17.53,0.6603,0,0
74,75,4,0,0,14.53,0.1233,0,0
74,75,4,1,0,15.23,0.165,0,0
74,75,4,2,0,13.72,0.1852,0,0
74,75,4,3,0,13.75,0.1214,0,0
74,75,4,4,0,12.94,0.1692,0,0
74,75,4,5,0,15.04,0.3353,0,0
74,75,4,6,0,15.16,0.3256,0,0
74,75,4,7,0,16.38,0.2828,0,0
74,75,4,8,0,16.99,0.1967,0,0
74,75,4,9,0,18.01,0.1944,0,0
74,75,4,10,0,19.6,0.2394,0,0
74,75,4,11,0,21.49,0.1379,0,0
74,75,4,12,0,24.33,0.1947,0,0
74,75,4,13,0,22.8,0.1719,0,0
74,75,4,14,0,24.64,1.2588,0,1
74,75,4,15,0,25.59,0.2397,0,0
74,75,4,16,0,23.46,0.26,0,0
74,75,4,17,0,23.78,0.2761,0,0
74,75,4,18,0,22.98,0.6788,1,1
74,75,4,19,0,23.36,0.4525,1,0
74,75,4,20,0,19.83,1.0469,1,1
74,75,4,21,0,17.98,0.465,1,0
74,75,4,22,0,17.31,0.6375,0,0
74,75,4,23,0,15.55,0.6349,0,0
75,76,5,0,1,14.75,0.1757,0,0
75,76,5,1,1,14.61,0.1168,0,0
75,76,5,2,1,13.56,0.1692,0,0
75,76,5,3,1,14.78,0.1528,0,0
75,76,5,4,1,12.54,0.1514,0,0
75,76,5,5,1,12.59,0.208,0,0
75,76,5,6,1,14.2,0.7638,0,1
75,76,5,7,1,14.84,0.9862,0,1
75,76,5,8,1,18.06,0.2915,0,0
75,76,5,9,1,20.26,0.2501,0,0
75,76,5,10,1,19.07,0.1933,0,0
75,76,5,11,1,21.72,0.2101,0,0
75,76,5,12,1,22.06,0.2039,0,0
75,76,5,13,1,22.33,0.141,0,0
75,76,5,14,1,24.22,0.3961,0,0
75,76,5,15,1,25.52,0.2336,0,0
75,76,5,16,1,23.4,0.1244,0,0
75,76,5,17,1,22.72,0.2962,0,0
75,76,5,18,1,25.38,0.6006,1,1
75,76,5,19,1,21.25,0.5932,1,0
75,76,5,20,1,22.02,0.4509,1,0
75,76,5,21,1,20.05,0.421,1,0
75,76,5,22,1,18.71,0.4831,0,0
75,76,5,23,1,14.35,0.5148,0,0
76,77,6,0,1,15.06,0.1274,0,0
76,77,6,1,1,15.97,0.167,0,0
76,77,6,2,1,14.5,0.1782,0,0
76,77,6,3,1,13.9,0.1587,0,0
76,77,6,4,1,14.58,0.1568,0,0
76,77,6,5,1,15.09,0.3427,0,0
76,77,6,6,1,14.5,0.7724,0,0
76,77,6,7,1,15.01,0.6855,0,0
76,77,6,8,1,16.64,0.248,0,0
76,77,6,9,1,19.98,0.1631,0,0
76,77,6,10,1,22.12,0.2654,0,0
76,77,6,11,1,22.77,0.88,0,0
76,77,6,12,1,23.49,0.1453,0,0
76,77,6,13,1,24.1,0.2733,0,0
76,77,6,14,1,24.51,0.3431,0,0
76,77,6,15,1,22.26,0.3868,0,0
76,77,6,16,1,24.19,0.9933,0,1
76,77,6,17,1,25.26,1.4574,0,1
76,77,6,18,1,25.39,0.4205,1,0
76,77,6,19,1,20.5,0.5291,1,0
76,77,6,20,1,22.09,1.2244,1,1
76,77,6,21,1,16.5,0.6965,1,0
76,77,6,22,1,17.78,0.6312,0,0
76,77,6,23,1,15.66,0.5759,0,0
77,78,0,0,0,14.04,0.1308,0,0
77,78,0,1,0,13.64,0.1835,0,0
77,78,0,2,0,11.22,0.1124,0,0
77,78,0,3,0,16.37,0.1355,0,0
77,78,0,4,0,15.24,0.1259,0,0
77,78,0,5,0,15.3,0.3448,0,0
77,78,0,6,0,14.31,0.8778,0,0
77,78,0,7,0,16.72,0.2378,0,0
77,78,0,8,0,17.44,0.2286,0,0
77,78,0,9,0,18.38,1.1025,0,1
77,78,0,10,0,21.55,0.2078,0,0
77,78,0,11,0,21.61,0.228,0,0
77,78,0,12,0,23.64,0.2735,0,0
77,78,0,13,0,22.84,0.2177,0,0
77,78,0,14,0,23.58,0.3052,0,0
77,78,0,15,0,23.32,0.3019,0,0
77,78,0,16,0,24.59,0.2699,0,0
77,78,0,17,0,23.34,1.0066,0,0
77,78,0,18,0,24.26,0.6229,1,0
77,78,0,19,0,20.21,1.17,1,1
77,78,0,20,0,19.71,1.046,1,1
77,78,0,21,0,20.27,0.5013,1,0
77,78,0,22,0,19.07,0.4734,0,0
77,78,0,23,0,17.04,0.3725,0,0
78,79,1,0,0,15.89,0.1757,0,0
78,79,1,1,0,14.47,0.1311,0,0
78,79,1,2,0,15.24,0.1685,0,0
78,79,1,3,0,13.08,0.1687,0,0
78,79,1,4,0,15.22,0.1296,0,0
78,79,1,5,0,14.2,0.3844,0,0
78,79,1,6,0,16.7,0.7337,0,0
78,79,1,7,0,14.57,0.9031,0,1
78,79,1,8,0,17.55,0.255,0,0
78,79,1,9,0,19.61,0.2692,0,0
78,79,1,10,0,19.83,0.1339,0,0
78,79,1,11,0,20.4,0.2453,0,0
78,79,1,12,0,23.4,0.2173,0,0
78,79,1,13,0,26.14,0.2001,0,0
78,79,1,14,0,23.62,0.2936,0,0
78,79,1,15,0,25.51,0.2272,0,0
78,79,1,16,0,26.09,0.2161,0,0
78,79,1,17,0,23.37,0.4072,0,0
78,79,1,18,0,23.83,0.5849,1,0
78,79,1,19,0,22.78,0.9706,1,1
78,79,1,20,0,21.11,0.5667,1,0
78,79,1,21,0,19.05,0.5882,1,0
78,79,1,22,0,18.17,0.7426,0,1
78,79,1,23,0,17.01,0.7403,0,0
79,80,2,0,0,16.6,0.1324,0,0
79,80,2,1,0,13.77,0.1692,0,0
79,80,2,2,0,12.69,0.1813,0,0
79,80,2,3,0,14.85,0.1623,0,0
79,80,2,4,0,15.55,0.1432,0,0
79,80,2,5,0,15.15,0.2362,0,0
79,80,2,6,0,16.03,0.8857,0,1
79,80,2,7,0,15.7,0.8311,0,0
79,80,2,8,0,16.84,0.2195,0,0
79,80,2,9,0,19.81,0.1904,0,0
79,80,2,10,0,21.23,0.2469,0,0
79,80,2,11,0,23.71,0.1308,0,0
79,80,2,12,0,23.57,0.2199,0,0
79,80,2,13,0,24.91,0.283,0,0
79,80,2,14,0,25.94,0.1772,0,0
79,80,2,15,0,24.01,0.1539,0,0
79,80,2,16,0,24.55,0.3236,0,0
79,80,2,17,0,26.85,0.3413,0,0
79,80,2,18,0,24.24,0.6572,1,0
79,80,2,19,0,21.59,1.1733,1,1
79,80,2,20,0,20.76,0.973,1,1
79,80,2,21,0,19.66,0.5113,1,0
79,80,2,22,0,17.13,0.4603,0,0
79,80,2,23,0,15.65,0.7984,0,0
80,81,3,0,0,18.42,0.1501,0,0
80,81,3,1,0,15.75,0.1233,0,0
80,81,3,2,0,13.86,0.1308,0,0
80,81,3,3,0,15.24,0.1399,0,0
80,81,3,4,0,13.66,0.1587,0,0
80,81,3,5,0,16.33,0.342,0,0
80,81,3,6,0,16.42,0.942,0,1
80,81,3,7,0,16.57,0.7891,0,0
80,81,3,8,0,15.61,0.1723,0,0
80,81,3,9,0,19.4,0.1708,0,0
80,81,3,10,0,21.56,0.2717,0,0
80,81,3,11,0,23.98,0.1655,0,0
80,81,3,12,0,23.0,0.2155,0,0
80,81,3,13,0,27.03,1.1526,0,1
80,81,3,14,0,26.44,0.2383,0,0
80,81,3,15,0,24.02,0.1735,0,0
80,81,3,16,0,26.2,0.2857,0,0
80,81,3,17,0,25.34,0.351,0,0
80,81,3,18,0,25.16,0.713,1,0
80,81,3,19,0,20.35,1.1027,1,1
80,81,3,20,0,19.92,0.4953,1,0
80,81,3,21,0,19.8,0.6245,1,0
80,81,3,22,0,17.69,0.6482,0,0
80,81,3,23,0,16.56,0.4098,0,0
81,82,4,0,0,18.95,0.1426,0,0
81,82,4,1,0,15.19,0.1569,0,0
81,82,4,2,0,14.24,0.1389,0,0
81,82,4,3,0,13.1,0.1564,0,0
81,82,4,4,0,14.75,0.1401,0,0
81,82,4,5,0,15.86,0.2466,0,0
81,82,4,6,0,17.75,0.1846,0,0
81,82,4,7,0,17.49,0.8314,0,0
81,82,4,8,0,20.22,0.2184,0,0
81,82,4,9,0,21.07,0.133,0,0
81,82,4,10,0,21.64,0.243,0,0
81,82,4,11,0,22.63,1.1651,0,1
81,82,4,12,0,25.37,0.136,0,0
81,82,4,13,0,24.37,0.1782,0,0
81,82,4,14,0,26.04,0.177,0,0
81,82,4,15,0,25.14,0.1328,0,0
81,82,4,16,0,25.11,0.9538,0,0
81,82,4,17,0,24.82,0.3281,0,0
81,82,4,18,0,22.74,0.5401,1,0
81,82,4,19,0,22.96,1.3791,1,1
81,82,4,20,0,21.35,1.1947,1,1
81,82,4,21,0,19.85,0.5128,1,0
81,82,4,22,0,19.91,0.6245,0,0
81,82,4,23,0,16.43,0.4985,0,0
82,83,5,0,1,18.74,0.1593,0,0
82,83,5,1,1,17.84,0.1313,0,0
82,83,5,2,1,15.12,0.1366,0,0
82,83,5,3,1,14.7,0.1413,0,0
82,83,5,4,1,15.09,0.1443,0,0
82,83,5,5,1,15.16,0.2004,0,0
82,83,5,6,1,15.75,0.8625,0,1
82,83,5,7,1,19.0,0.7474,0,0
82,83,5,8,1,19.23,0.1931,0,0
82,83,5,9,1,20.96,0.2856,0,0
82,83,5,10,1,21.83,0.1923,0,0
82,83,5,11,1,23.98,0.2072,0,0
82,83,5,12,1,21.82,0.2117,0,0
82,83,5,13,1,23.93,0.2473,0,0
82,83,5,14,1,25.79,0.2711,0,0
82,83,5,15,1,26.55,0.2832,0,0
82,83,5,16,1,24.18,0.3189,0,0
82,83,5,17,1,25.94,0.3639,0,0
82,83,5,18,1,23.15,0.6126,1,0
82,83,5,19,1,22.17,0.9915,1,1
82,83,5,20,1,20.35,0.964,1,1
82,83,5,21,1,21.96,0.3706,1,0
82,83,5,22,1,19.94,0.4967,0,0
82,83,5,23,1,16.56,0.5348,0,0
83,84,6,0,1,16.8,0.1754,0,0
83,84,6,1,1,18.2,0.169,0,0
83,84,6,2,1,16.42,0.1234,0,0
83,84,6,3,1,11.85,0.1722,0,0
83,84,6,4,1,15.09,0.133,0,0
83,84,6,5,1,15.88,0.2568,0,0
83,84,6,6,1,16.04,0.5306,0,0
83,84,6,7,1,18.31,0.2253,0,0
83,84,6,8,1,19.41,0.1592,0,0
83,84,6,9,1,20.23,0.1454,0,0
83,84,6,10,1,22.3,0.2369,0,0
83,84,6,11,1,20.54,0.2796,0,0
83,84,6,12,1,24.34,1.1499,0,1
83,84,6,13,1,26.55,0.9786,0,0
83,84,6,14,1,27.3,0.4066,0,0
83,84,6,15,1,26.15,0.2652,0,0
83,84,6,16,1,25.82,0.2274,0,0
83,84,6,17,1,23.46,1.0757,0,1
83,84,6,18,1,24.39,0.5489,1,0
83,84,6,19,1,22.89,1.1803,1,1
83,84,6,20,1,19.91,0.735,1,0
83,84,6,21,1,19.82,0.5471,1,0
83,84,6,22,1,16.99,0.3744,0,0
83,84,6,23,1,15.58,0.4168,0,0
84,85,0,0,0,15.85,0.1763,0,0
84,85,0,1,0,15.99,0.1757,0,0
84,85,0,2,0,14.65,0.1757,0,0
84,85,0,3,0,15.85,0.1694,0,0
84,85,0,4,0,14.45,0.1732,0,0
84,85,0,5,0,17.86,0.2136,0,0
84,85,0,6,0,18.77,1.0566,0,1
84,85,0,7,0,15.55,0.9531,0,1
84,85,0,8,0,17.18,0.308,0,0
84,85,0,9,0,21.68,0.2716,0,0
84,85,0,10,0,20.42,0.1812,0,0
84,85,0,11,0,21.25,0.1814,0,0
84,85,0,12,0,23.7,0.2749,0,0
84,85,0,13,0,26.72,0.1802,0,0
84,85,0,14,0,25.09,0.2402,0,0
84,85,0,15,0,25.22,0.2602,0,0
84,85,0,16,0,24.93,0.2092,0,0
84,85,0,17,0,25.63,0.2757,0,0
84,85,0,18,0,25.75,0.7094,1,1
84,85,0,19,0,21.41,0.5025,1,0
84,85,0,20,0,22.95,0.5588,1,0
84,85,0,21,0,20.23,0.6734,1,0
84,85,0,22,0,19.7,0.5233,0,0
84,85,0,23,0,17.68,0.6153,0,0
85,86,1,0,0,18.19,0.1755,0,0
85,86,1,1,0,15.77,0.17,0,0
85,86,1,2,0,14.89,0.1274,0,0
85,86,1,3,0,15.91,0.1555,0,0
85,86,1,4,0,15.78,0.1202,0,0
85,86,1,5,0,16.88,0.2499,0,0
85,86,1,6,0,16.48,0.1955,0,0
85,86,1,7,0,20.38,0.7181,0,1
85,86,1,8,0,17.85,0.1575,0,0
85,86,1,9,0,22.33,0.2032,0,0
85,86,1,10,0,23.4,0.1626,0,0
85,86,1,11,0,23.89,0.1888,0,0
85,86,1,12,0,23.52,0.9641,0,1
85,86,1,13,0,25.43,0.143,0,0
85,86,1,14,0,24.95,0.2891,0,0
85,86,1,15,0,24.98,0.2865,0,0
85,86,1,16,0,28.14,0.19,0,0
85,86,1,17,0,23.43,0.3248,0,0
85,86,1,18,0,24.94,0.6839,1,0
85,86,1,19,0,24.39,0.4527,1,0
85,86,1,20,0,21.03,1.0477,1,1
85,86,1,21,0,20.26,0.5027,1,0
85,86,1,22,0,17.91,0.4949,0,0
85,86,1,23,0,17.23,0.6288,0,0
86,87,2,0,0,17.21,0.1556,0,0
86,87,2,1,0,17.81,0.1262,0,0
86,87,2,2,0,16.28,0.1373,0,0
86,87,2,3,0,14.4,0.1738,0,0
86,87,2,4,0,14.21,0.1329,0,0
86,87,2,5,0,14.07,0.1959,0,0
86,87,2,6,0,16.01,0.7401,0,1
86,87,2,7,0,18.64,0.7323,0,1
86,87,2,8,0,21.43,0.2347,0,0
86,87,2,9,0,21.71,0.136,0,0
86,87,2,10,0,22.14,0.2911,0,0
86,87,2,11,0,23.33,0.1226,0,0
86,87,2,12,0,25.53,0.2446,0,0
86,87,2,13,0,26.91,0.2933,0,0
86,87,2,14,0,28.94,0.1856,0,0
86,87,2,15,0,28.26,0.2956,0,0
86,87,2,16,0,26.86,0.1795,0,0
86,87,2,17,0,23.4,0.2694,0,0
86,87,2,18,0,24.45,0.5757,1,0
86,87,2,19,0,25.8,0.4354,1,0
86,87,2,20,0,22.97,0.5108,1,0
86,87,2,21,0,21.23,0.6125,1,1
86,87,2,22,0,19.31,0.4103,0,0
86,87,2,23,0,18.9,0.5061,0,0
87,88,3,0,0,15.38,0.1792,0,0
87,88,3,1,0,15.23,0.1717,0,0
87,88,3,2,0,16.36,0.1511,0,0
87,88,3,3,0,16.44,0.2014,0,0
87,88,3,4,0,15.54,0.1526,0,0
87,88,3,5,0,15.11,0.2108,0,0
87,88,3,6,0,20.02,0.2238,0,0
87,88,3,7,0,19.31,0.89,0,1
87,88,3,8,0,19.54,0.258,0,0
87,88,3,9,0,18.18,0.1574,0,0
87,88,3,10,0,22.69,0.2421,0,0
87,88,3,11,0,24.55,0.2151,0,0
87,88,3,12,0,24.61,0.2249,0,0
87,88,3,13,0,25.63,0.2463,0,0
87,88,3,14,0,28.08,0.2475,0,0
87,88,3,15,0,26.2,0.2598,0,0
87,88,3,16,0,27.3,0.2311,0,0
87,88,3,17,0,23.67,1.234,0,1
87,88,3,18,0,26.75,0.7147,1,1
87,88,3,19,0,23.57,0.5203,1,0
87,88,3,20,0,23.0,0.5244,1,0
87,88,3,21,0,18.31,0.686,1,0
87,88,3,22,0,18.9,0.6865,0,0
87,88,3,23,0,17.81,0.6267,0,0
88,89,4,0,0,17.44,0.1743,0,0
88,89,4,1,0,15.86,0.1391,0,0
88,89,4,2,0,13.31,0.1259,0,0
88,89,4,3,0,16.01,0.1609,0,0
88,89,4,4,0,15.92,0.1329,0,0
88,89,4,5,0,15.96,0.3308,0,0
88,89,4,6,0,16.07,0.3214,0,0
88,89,4,7,0,17.4,1.0733,0,1
88,89,4,8,0,19.31,0.2683,0,0
88,89,4,9,0,20.06,0.3078,0,0
88,89,4,10,0,21.05,0.2849,0,0
88,89,4,11,0,22.34,0.1363,0,0
88,89,4,12,0,25.09,0.2549,0,0
88,89,4,13,0,27.11,0.1976,0,0
88,89,4,14,0,25.62,0.2642,0,0
88,89,4,15,0,25.34,1.2346,0,1
88,89,4,16,0,24.89,0.2285,0,0
88,89,4,17,0,25.55,0.2573,0,0
88,89,4,18,0,25.15,0.6728,1,1
88,89,4,19,0,26.0,0.6386,1,0
88,89,4,20,0,22.24,0.5253,1,0
88,89,4,21,0,22.14,0.4114,1,0
88,89,4,22,0,18.84,0.4116,0,0
88,89,4,23,0,18.53,0.5868,0,0
89,90,5,0,1,16.1,0.1693,0,0
89,90,5,1,1,16.25,0.1775,0,0
89,90,5,2,1,16.22,0.1404,0,0
89,90,5,3,1,16.58,0.1722,0,0
89,90,5,4,1,15.65,0.1507,0,0
89,90,5,5,1,16.23,0.2907,0,0
89,90,5,6,1,16.95,0.322,0,0
89,90,5,7,1,18.06,0.7721,0,0
89,90,5,8,1,19.36,0.2365,0,0
89,90,5,9,1,22.5,0.2238,0,0
89,90,5,10,1,23.89,0.2219,0,0
89,90,5,11,1,24.51,0.227,0,0
89,90,5,12,1,25.69,0.2331,0,0
89,90,5,13,1,25.86,0.3169,0,0
89,90,5,14,1,27.2,1.0881,0,1
89,90,5,15,1,26.78,0.329,0,0
89,90,5,16,1,27.52,0.368,0,0
89,90,5,17,1,26.88,0.3463,0,0
89,90,5,18,1,24.9,0.6946,1,0
89,90,5,19,1,25.23,0.844,1,1
89,90,5,20,1,21.76,0.8521,1,1
89,90,5,21,1,20.29,0.7364,1,0
89,90,5,22,1,20.4,0.6773,0,0
89,90,5,23,1,18.77,0.5465,0,0
90,91,6,0,1,16.53,0.1703,0,0
90,91,6,1,1,16.93,0.1556,0,0
90,91,6,2,1,16.15,0.1415,0,0
90,91,6,3,1,15.62,0.1763,0,0
90,91,6,4,1,16.16,0.1652,0,0
90,91,6,5,1,15.54,0.2717,0,0
90,91,6,6,1,15.3,0.6366,0,0
90,91,6,7,1,21.85,1.1109,0,1
90,91,6,8,1,19.4,0.2736,0,0
90,91,6,9,1,20.84,0.1855,0,0
90,91,6,10,1,24.1,0.1902,0,0
90,91,6,11,1,23.85,0.2242,0,0
90,91,6,12,1,25.24,1.1092,0,1
90,91,6,13,1,27.18,0.273,0,0
90,91,6,14,1,27.68,0.291,0,0
90,91,6,15,1,25.55,0.2893,0,0
90,91,6,16,1,27.5,0.4083,0,0
90,91,6,17,1,26.99,0.1142,0,0
90,91,6,18,1,25.78,0.3967,1,0
90,91,6,19,1,25.55,0.4866,1,0
90,91,6,20,1,22.45,0.8393,1,1
90,91,6,21,1,22.33,0.4114,1,0
90,91,6,22,1,21.47,0.5753,0,0
90,91,6,23,1,19.65,0.4668,0,0
91,92,0,0,0,18.96,0.1646,0,0
91,92,0,1,0,18.51,0.1697,0,0
91,92,0,2,0,16.49,0.1775,0,0
91,92,0,3,0,16.47,0.1461,0,0
91,92,0,4,0,16.19,0.1373,0,0
91,92,0,5,0,17.04,0.3541,0,0
91,92,0,6,0,17.49,0.8796,0,0
91,92,0,7,0,19.66,0.7129,0,0
91,92,0,8,0,21.85,0.3224,0,0
91,92,0,9,0,22.55,0.1655,0,0
91,92,0,10,0,23.14,0.9936,0,1
91,92,0,11,0,24.74,0.2628,0,0
91,92,0,12,0,26.81,0.2383,0,0
91,92,0,13,0,26.31,0.2381,0,0
91,92,0,14,0,27.48,0.2968,0,0
91,92,0,15,0,27.85,0.1578,0,0
91,92,0,16,0,27.05,0.2843,0,0
91,92,0,17,0,27.46,0.3863,0,0
91,92,0,18,0,26.12,0.493,1,0
91,92,0,19,0,25.1,1.084,1,1
91,92,0,20,0,22.09,0.9877,1,1
91,92,0,21,0,23.39,0.8473,1,0
91,92,0,22,0,20.77,0.5848,0,0
91,92,0,23,0,18.71,0.6294,0,0
92,93,1,0,0,18.81,0.1702,0,0
92,93,1,1,0,15.79,0.1244,0,0
92,93,1,2,0,16.49,0.1384,0,0
92,93,1,3,0,14.95,0.1299,0,0
92,93,1,4,0,17.09,0.1867,0,0
92,93,1,5,0,16.1,0.2052,0,0
92,93,1,6,0,18.76,1.04,0,1
92,93,1,7,0,18.27,0.6185,0,0
92,93,1,8,0,20.64,0.1951,0,0
92,93,1,9,0,22.79,0.2541,0,0
92,93,1,10,0,20.06,1.2139,0,1
92,93,1,11,0,23.88,0.2838,0,0
92,93,1,12,0,25.21,0.1754,0,0
92,93,1,13,0,25.49,0.1487,0,0
92,93,1,14,0,27.02,0.1664,0,0
92,93,1,15,0,28.37,0.2186,0,0
92,93,1,16,0,27.23,0.289,0,0
92,93,1,17,0,26.03,0.2452,0,0
92,93,1,18,0,27.45,0.504,1,0
92,93,1,19,0,24.91,0.634,1,0
92,93,1,20,0,21.85,1.308,1,1
92,93,1,21,0,23.47,0.5374,1,0
92,93,1,22,0,22.1,0.6511,0,0
92,93,1,23,0,17.97,0.5137,0,0
93,94,2,0,0,17.5,0.1464,0,0
93,94,2,1,0,18.34,0.1197,0,0
93,94,2,2,0,17.53,0.1746,0,0
93,94,2,3,0,15.92,0.1721,0,0
93,94,2,4,0,19.28,0.1369,0,0
93,94,2,5,0,17.17,0.2919,0,0
93,94,2,6,0,18.07,0.9862,0,0
93,94,2,7,0,21.08,0.3513,0,0
93,94,2,8,0,21.46,0.2403,0,0
93,94,2,9,0,20.83,0.2709,0,0
93,94,2,10,0,24.35,0.2727,0,0
93,94,2,11,0,24.89,1.2404,0,1
93,94,2,12,0,25.84,0.237,0,0
93,94,2,13,0,26.8,0.2836,0,0
93,94,2,14,0,26.74,0.2747,0,0
93,94,2,15,0,27.52,0.2669,0,0
93,94,2,16,0,26.87,0.8353,0,0
93,94,2,17,0,25.43,1.0699,0,1
93,94,2,18,0,24.99,0.5949,1,0
93,94,2,19,0,25.56,1.1111,1,1
93,94,2,20,0,24.5,0.3598,1,0
93,94,2,21,0,23.03,0.64,1,0
93,94,2,22,0,20.23,0.7561,0,0
93,94,2,23,0,17.01,0.6067,0,0
94,95,3,0,0,17.88,0.1277,0,0
94,95,3,1,0,19.2,0.124,0,0
94,95,3,2,0,17.05,0.1715,0,0
94,95,3,3,0,16.78,0.1689,0,0
94,95,3,4,0,17.13,0.1561,0,0
94,95,3,5,0,19.22,0.3425,0,0
94,95,3,6,0,19.08,0.9093,0,1
94,95,3,7,0,17.96,0.9109,0,1
94,95,3,8,0,21.23,0.2561,0,0
94,95,3,9,0,22.7,0.2699,0,0
94,95,3,10,0,22.64,0.2762,0,0
94,95,3,11,0,24.1,0.1671,0,0
94,95,3,12,0,25.05,0.2313,0,0
94,95,3,13,0,26.53,0.245,0,0
94,95,3,14,0,28.27,0.1658,0,0
94,95,3,15,0,27.09,0.2494,0,0
94,95,3,16,0,27.44,0.1732,0,0
94,95,3,17,0,26.43,0.3052,0,0
94,95,3,18,0,27.75,0.5607,1,0
94,95,3,19,0,25.11,1.2143,1,1
94,95,3,20,0,23.62,0.4658,1,0
94,95,3,21,0,22.41,0.5461,1,0
94,95,3,22,0,21.53,0.6098,0,0
94,95,3,23,0,18.09,0.4897,0,0
95,96,4,0,0,17.91,0.1444,0,0
95,96,4,1,0,19.25,0.1579,0,0
95,96,4,2,0,18.26,0.1478,0,0
95,96,4,3,0,16.28,0.1409,0,0
95,96,4,4,0,18.99,0.1278,0,0
95,96,4,5,0,18.46,0.2061,0,0
95,96,4,6,0,19.6,0.7976,0,1
95,96,4,7,0,19.35,0.3046,0,0
95,96,4,8,0,19.84,0.1498,0,0
95,96,4,9,0,20.22,0.136,0,0
95,96,4,10,0,25.68,0.2757,0,0
95,96,4,11,0,25.46,0.2262,0,0
95,96,4,12,0,26.81,0.1306,0,0
95,96,4,13,0,27.5,0.1615,0,0
95,96,4,14,0,27.45,0.1313,0,0
95,96,4,15,0,27.97,0.159,0,0
95,96,4,16,0,27.08,0.1367,0,0
95,96,4,17,0,29.93,0.6728,0,0
95,96,4,18,0,28.26,0.4774,1,0
95,96,4,19,0,26.01,0.6846,1,0
95,96,4,20,0,22.37,1.1535,1,1
95,96,4,21,0,21.41,0.7082,1,1
95,96,4,22,0,22.07,0.6041,0,0
95,96,4,23,0,18.05,0.5969,0,0
96,97,5,0,1,19.27,0.1709,0,0
96,97,5,1,1,15.47,0.1678,0,0
96,97,5,2,1,19.71,0.1358,0,0
96,97,5,3,1,17.12,0.1322,0,0
96,97,5,4,1,18.67,0.1255,0,0
96,97,5,5,1,16.72,0.391,0,0
96,97,5,6,1,19.62,0.8751,0,1
96,97,5,7,1,19.58,0.9081,0,1
96,97,5,8,1,20.42,0.1626,0,0
96,97,5,9,1,22.97,0.1974,0,0
96,97,5,10,1,22.88,0.2742,0,0
96,97,5,11,1,24.17,0.1821,0,0
96,97,5,12,1,27.24,0.2637,0,0
96,97,5,13,1,27.43,0.271,0,0
96,97,5,14,1,28.01,0.2791,0,0
96,97,5,15,1,30.13,0.7571,0,1
96,97,5,16,1,27.91,0.2333,0,0
96,97,5,17,1,27.42,0.141,0,0
96,97,5,18,1,26.2,0.4056,1,0
96,97,5,19,1,25.25,0.6741,1,0
96,97,5,20,1,22.97,0.7279,1,0
96,97,5,21,1,23.79,0.5001,1,0
96,97,5,22,1,22.67,0.5824,0,0
96,97,5,23,1,19.16,0.7373,0,0
97,98,6,0,1,18.15,0.1313,0,0
97,98,6,1,1,18.4,0.1537,0,0
97,98,6,2,1,16.95,0.1634,0,0
97,98,6,3,1,17.9,0.1448,0,0
97,98,6,4,1,19.02,0.19,0,0
97,98,6,5,1,17.6,0.3122,0,0
97,98,6,6,1,19.5,0.1879,0,0
97,98,6,7,1,20.76,0.7775,0,1
97,98,6,8,1,20.35,0.2844,0,0
97,98,6,9,1,23.31,0.2881,0,0
97,98,6,10,1,24.41,0.1498,0,0
97,98,6,11,1,26.75,0.1785,0,0
97,98,6,12,1,27.41,0.2178,0,0
97,98,6,13,1,29.15,0.6252,0,0
97,98,6,14,1,28.4,0.2297,0,0
97,98,6,15,1,27.93,0.2637,0,0
97,98,6,16,1,28.54,0.2416,0,0
97,98,6,17,1,27.85,1.0521,0,1
97,98,6,18,1,26.49,0.5577,1,0
97,98,6,19,1,25.65,0.6509,1,0
97,98,6,20,1,22.56,0.5543,1,0
97,98,6,21,1,23.47,0.6219,1,0
97,98,6,22,1,21.04,0.725,0,1
97,98,6,23,1,20.12,0.3737,0,0
98,99,0,0,0,19.89,0.1857,0,0
98,99,0,1,0,18.87,0.131,0,0
98,99,0,2,0,16.31,0.1948,0,0
98,99,0,3,0,17.99,0.1522,0,0
98,99,0,4,0,18.36,0.1508,0,0
98,99,0,5,0,18.05,0.3303,0,0
98,99,0,6,0,18.74,0.9221,0,1
98,99,0,7,0,18.64,0.9825,0,1
98,99,0,8,0,23.37,0.1628,0,0
98,99,0,9,0,22.1,0.2338,0,0
98,99,0,10,0,24.63,0.2989,0,0
98,99,0,11,0,27.56,0.2383,0,0
98,99,0,12,0,27.41,0.1788,0,0
98,99,0,13,0,31.03,0.4205,0,0
98,99,0,14,0,29.19,0.3931,0,0
98,99,0,15,0,30.08,1.2004,0,1
98,99,0,16,0,28.52,0.2949,0,0
98,99,0,17,0,28.98,0.3126,0,0
98,99,0,18,0,25.71,0.6897,1,0
98,99,0,19,0,25.18,0.6971,1,0
98,99,0,20,0,25.72,0.486,1,0
98,99,0,21,0,23.34,0.5858,1,0
98,99,0,22,0,23.97,0.4175,0,0
98,99,0,23,0,19.83,0.4216,0,0
99,100,1,0,0,17.06,0.1516,0,0
99,100,1,1,0,17.96,0.1656,0,0
99,100,1,2,0,18.24,0.1786,0,0
99,100,1,3,0,17.81,0.163,0,0
99,100,1,4,0,17.15,0.1422,0,0
99,100,1,5,0,19.33,0.3266,0,0
99,100,1,6,0,20.18,0.2538,0,0
99,100,1,7,0,19.78,0.206,0,0
99,100,1,8,0,21.81,0.2903,0,0
99,100,1,9,0,23.7,0.2462,0,0
99,100,1,10,0,25.17,0.2387,0,0
99,100,1,11,0,27.42,0.2269,0,0
99,100,1,12,0,25.89,0.2305,0,0
99,100,1,13,0,29.41,0.4127,0,0
99,100,1,14,0,28.63,0.137,0,0
99,100,1,15,0,28.18,0.2252,0,0
99,100,1,16,0,26.46,0.1673,0,0
99,100,1,17,0,28.46,0.4031,0,0
99,100,1,18,0,27.16,0.6281,1,0
99,100,1,19,0,26.77,0.6319,1,1
99,100,1,20,0,21.74,0.6031,1,0
99,100,1,21,0,24.72,0.6324,1,1
99,100,1,22,0,22.63,0.5412,0,0
99,100,1,23,0,21.9,0.6374,0,1
100,101,2,0,0,18.35,0.1245,0,0
100,101,2,1,0,18.76,0.1617,0,0
100,101,2,2,0,17.33,0.1839,0,0
100,101,2,3,0,19.16,0.1626,0,0
100,101,2,4,0,17.51,0.1472,0,0
100,101,2,5,0,19.34,0.2166,0,0
100,101,2,6,0,20.0,0.3602,0,0
100,101,2,7,0,17.6,0.2343,0,0
100,101,2,8,0,22.35,0.1798,0,0
100,101,2,9,0,22.69,0.1899,0,0
100,101,2,10,0,24.95,0.1789,0,0
100,101,2,11,0,25.71,0.2183,0,0
100,101,2,12,0,26.67,0.1778,0,0
100,101,2,13,0,29.05,1.1704,0,1
100,101,2,14,0,29.33,1.0237,0,1
100,101,2,15,0,29.65,0.4677,0,0
100,101,2,16,0,29.14,0.3681,0,0
100,101,2,17,0,29.0,0.6957,0,0
100,101,2,18,0,27.16,0.621,1,0
100,101,2,19,0,26.76,0.9358,1,1
100,101,2,20,0,24.92,0.562,1,0
100,101,2,21,0,22.87,0.7058,1,0
100,101,2,22,0,20.69,0.6266,0,0
100,101,2,23,0,19.47,0.5066,0,0
101,102,3,0,0,21.1,0.1467,0,0
101,102,3,1,0,19.9,0.1525,0,0
101,102,3,2,0,17.47,0.1302,0,0
101,102,3,3,0,17.98,0.129,0,0
101,102,3,4,0,17.44,0.1781,0,0
101,102,3,5,0,20.32,0.2675,0,0
101,102,3,6,0,19.58,0.2287,0,0
101,102,3,7,0,21.22,0.875,0,0
101,102,3,8,0,22.11,0.2038,0,0
101,102,3,9,0,22.99,0.3026,0,0
101,102,3,10,0,24.97,0.1713,0,0
101,102,3,11,0,25.79,0.2103,0,0
101,102,3,12,0,28.25,0.2242,0,0
101,102,3,13,0,27.75,0.1379,0,0
101,102,3,14,0,29.28,1.2499,0,1
101,102,3,15,0,27.51,0.1664,0,0
101,102,3,16,0,28.36,0.9142,0,1
101,102,3,17,0,28.76,1.1475,0,1
101,102,3,18,0,26.47,0.6514,1,0
101,102,3,19,0,25.99,0.5751,1,0
101,102,3,20,0,24.84,0.5227,1,0
101,102,3,21,0,23.78,0.6093,1,0
101,102,3,22,0,22.47,0.6135,0,0
101,102,3,23,0,21.86,0.5957,0,0
102,103,4,0,0,19.52,0.1702,0,0
102,103,4,1,0,19.99,0.1321,0,0
102,103,4,2,0,18.13,0.1692,0,0
102,103,4,3,0,16.3,0.1408,0,0
102,103,4,4,0,18.03,0.1471,0,0
102,103,4,5,0,17.1,0.3102,0,0
102,103,4,6,0,19.47,0.2419,0,0
102,103,4,7,0,20.59,0.7549,0,0
102,103,4,8,0,23.5,0.2892,0,0
102,103,4,9,0,24.05,0.1857,0,0
102,103,4,10,0,25.01,0.1581,0,0
102,103,4,11,0,26.62,0.1777,0,0
102,103,4,12,0,28.07,0.184,0,0
102,103,4,13,0,25.44,0.1529,0,0
102,103,4,14,0,27.02,0.1796,0,0
102,103,4,15,0,30.57,0.4615,0,0
102,103,4,16,0,26.22,0.1743,0,0
102,103,4,17,0,27.82,0.9814,0,1
102,103,4,18,0,29.28,0.8729,1,1
102,103,4,19,0,25.6,0.6992,1,0
102,103,4,20,0,26.66,1.2879,1,1
102,103,4,21,0,25.36,0.7842,1,0
102,103,4,22,0,20.85,0.5406,0,0
102,103,4,23,0,22.54,0.6986,0,0
103,104,5,0,1,19.59,0.143,0,0
103,104,5,1,1,19.02,0.1768,0,0
103,104,5,2,1,18.54,0.1804,0,0
103,104,5,3,1,17.66,0.1532,0,0
103,104,5,4,1,18.77,0.1375,0,0
103,104,5,5,1,20.98,0.3114,0,0
103,104,5,6,1,19.83,0.1971,0,0
103,104,5,7,1,20.25,0.2431,0,0
103,104,5,8,1,20.78,0.2197,0,0
103,104,5,9,1,23.16,0.2466,0,0
103,104,5,10,1,25.24,0.1416,0,0
103,104,5,11,1,27.93,1.2588,0,1
103,104,5,12,1,28.15,0.2442,0,0
103,104,5,13,1,28.48,0.299,0,0
103,104,5,14,1,30.08,0.6826,0,0
103,104,5,15,1,30.34,0.8867,0,0
103,104,5,16,1,25.24,0.2173,0,0
103,104,5,17,1,30.54,1.9148,0,1
103,104,5,18,1,28.92,0.7497,1,0
103,104,5,19,1,26.73,1.018,1,1
103,104,5,20,1,24.03,0.8948,1,0
103,104,5,21,1,24.29,0.5744,1,0
103,104,5,22,1,22.4,0.5976,0,0
103,104,5,23,1,21.51,0.6758,0,0
104,105,6,0,1,20.29,0.1582,0,0
104,105,6,1,1,17.34,0.1286,0,0
104,105,6,2,1,20.09,0.1525,0,0
104,105,6,3,1,19.51,0.1448,0,0
104,105,6,4,1,19.78,0.1564,0,0
104,105,6,5,1,20.18,0.3274,0,0
104,105,6,6,1,18.72,0.8746,0,0
104,105,6,7,1,22.14,0.7085,0,0
104,105,6,8,1,22.28,0.2207,0,0
104,105,6,9,1,23.99,0.1868,0,0
104,105,6,10,1,27.45,0.1425,0,0
104,105,6,11,1,27.01,0.1528,0,0
104,105,6,12,1,30.3,0.609,0,0
104,105,6,13,1,30.74,0.9025,0,0
104,105,6,14,1,29.23,0.6479,0,0
104,105,6,15,1,30.34,1.7791,0,1
104,105,6,16,1,29.71,0.7459,0,0
104,105,6,17,1,30.49,0.584,0,0
104,105,6,18,1,30.0,1.0979,1,1
104,105,6,19,1,27.41,1.135,1,1
104,105,6,20,1,26.14,0.4228,1,0
104,105,6,21,1,22.75,0.5889,1,0
104,105,6,22,1,22.36,0.5865,0,0
104,105,6,23,1,21.05,0.4124,0,0
105,106,0,0,0,22.07,0.1305,0,0
105,106,0,1,0,19.62,0.1774,0,0
105,106,0,2,0,17.95,0.1588,0,0
105,106,0,3,0,17.8,0.1302,0,0
105,106,0,4,0,19.9,0.177,0,0
105,106,0,5,0,21.2,0.1917,0,0
105,106,0,6,0,20.24,0.7273,0,0
105,106,0,7,0,24.15,0.8712,0,1
105,106,0,8,0,21.27,0.1353,0,0
105,106,0,9,0,23.68,0.1468,0,0
105,106,0,10,0,25.99,1.4031,0,1
105,106,0,11,0,23.53,0.2001,0,0
105,106,0,12,0,27.8,0.1672,0,0
105,106,0,13,0,28.81,0.2846,0,0
105,106,0,14,0,31.02,0.5344,0,0
105,106,0,15,0,29.06,0.4386,0,0
105,106,0,16,0,30.69,0.4564,0,0
105,106,0,17,0,28.8,0.1851,0,0
105,106,0,18,0,28.95,0.6682,1,0
105,106,0,19,0,28.58,0.6788,1,0
105,106,0,20,0,25.14,0.8582,1,1
105,106,0,21,0,24.32,0.751,1,0
105,106,0,22,0,22.7,0.5295,0,0
105,106,0,23,0,22.74,0.6298,0,0
106,107,1,0,0,18.59,0.1491,0,0
106,107,1,1,0,19.79,0.1456,0,0
106,107,1,2,0,21.08,0.1425,0,0
106,107,1,3,0,21.68,0.1822,0,0
106,107,1,4,0,19.0,0.1283,0,0
106,107,1,5,0,20.55,0.2937,0,0
106,107,1,6,0,19.05,0.6966,0,1
106,107,1,7,0,22.45,0.2406,0,0
106,107,1,8,0,23.38,0.1286,0,0
106,107,1,9,0,25.01,1.1123,0,1
106,107,1,10,0,24.6,0.2632,0,0
106,107,1,11,0,29.2,0.3438,0,0
106,107,1,12,0,28.27,0.1473,0,0
106,107,1,13,0,30.7,0.4952,0,0
106,107,1,14,0,29.11,0.3188,0,0
106,107,1,15,0,30.04,0.4266,0,0
106,107,1,16,0,28.99,0.2785,0,0
106,107,1,17,0,28.66,0.187,0,0
106,107,1,18,0,28.9,0.6797,1,0
106,107,1,19,0,25.22,0.4435,1,0
106,107,1,20,0,26.33,1.2841,1,1
106,107,1,21,0,24.9,0.545,1,0
106,107,1,22,0,23.84,0.5706,0,0
106,107,1,23,0,21.4,0.6295,0,0
107,108,2,0,0,20.37,0.1873,0,0
107,108,2,1,0,21.48,0.1765,0,0
107,108,2,2,0,19.93,0.1527,0,0
107,108,2,3,0,18.45,0.1431,0,0
107,108,2,4,0,20.57,0.1295,0,0
107,108,2,5,0,19.49,0.3256,0,0
107,108,2,6,0,22.26,0.9379,0,1
107,108,2,7,0,22.37,0.8916,0,1
107,108,2,8,0,22.44,0.3078,0,0
107,108,2,9,0,24.91,0.2352,0,0
107,108,2,10,0,26.05,0.2374,0,0
107,108,2,11,0,27.89,0.184,0,0
107,108,2,12,0,29.92,0.51,0,0
107,108,2,13,0,30.03,0.4518,0,0
107,108,2,14,0,29.78,0.4748,0,0
107,108,2,15,0,30.0,0.425,0,0
107,108,2,16,0,30.19,0.4271,0,0
107,108,2,17,0,29.59,0.6326,0,0
107,108,2,18,0,28.46,0.626,1,0
107,108,2,19,0,26.86,1.0282,1,1
107,108,2,20,0,26.93,0.5098,1,0
107,108,2,21,0,24.46,0.6284,1,0
107,108,2,22,0,24.09,0.708,0,0
107,108,2,23,0,19.65,0.5877,0,0
108,109,3,0,0,22.33,0.1385,0,0
108,109,3,1,0,18.55,0.1464,0,0
108,109,3,2,0,20.39,0.1466,0,0
108,109,3,3,0,19.89,0.1685,0,0
108,109,3,4,0,20.13,0.138,0,0
108,109,3,5,0,22.11,0.2333,0,0
108,109,3,6,0,23.03,0.776,0,1
108,109,3,7,0,22.0,0.2319,0,0
108,109,3,8,0,25.5,0.1581,0,0
108,109,3,9,0,25.91,0.2998,0,0
108,109,3,10,0,27.76,0.2856,0,0
108,109,3,11,0,27.13,0.2481,0,0
108,109,3,12,0,27.04,0.1343,0,0
108,109,3,13,0,29.95,0.4097,0,0
108,109,3,14,0,29.8,1.4869,0,1
108,109,3,15,0,28.5,0.2716,0,0
108,109,3,16,0,30.86,0.576,0,0
108,109,3,17,0,30.61,0.6719,0,0
108,109,3,18,0,28.64,0.7704,1,0
108,109,3,19,0,28.44,0.9491,1,1
108,109,3,20,0,27.08,0.7323,1,0
108,109,3,21,0,23.59,0.6244,1,0
108,109,3,22,0,24.74,0.489,0,0
108,109,3,23,0,20.51,0.5014,0,0
109,110,4,0,0,20.81,0.1572,0,0
109,110,4,1,0,19.38,0.1713,0,0
109,110,4,2,0,18.29,0.1553,0,0
109,110,4,3,0,20.54,0.1544,0,0
109,110,4,4,0,19.92,0.1559,0,0
109,110,4,5,0,20.5,0.2419,0,0
109,110,4,6,0,21.33,0.8822,0,0
109,110,4,7,0,24.35,0.2141,0,0
109,110,4,8,0,24.35,0.1379,0,0
109,110,4,9,0,27.68,0.2498,0,0
109,110,4,10,0,25.55,1.2079,0,1
109,110,4,11,0,26.16,0.9818,0,0
109,110,4,12,0,28.01,0.9533,0,0
109,110,4,13,0,31.94,0.632,0,0
109,110,4,14,0,30.8,0.5558,0,0
109,110,4,15,0,31.1,0.5968,0,0
109,110,4,16,0,30.93,0.5025,0,0
109,110,4,17,0,28.54,0.1901,0,0
109,110,4,18,0,30.33,0.8914,1,0
109,110,4,19,0,29.66,1.2823,1,1
109,110,4,20,0,25.65,1.0173,1,1
109,110,4,21,0,26.08,0.5004,1,0
109,110,4,22,0,25.29,0.6181,0,0
109,110,4,23,0,23.77,0.6113,0,0
110,111,5,0,1,20.92,0.1318,0,0
110,111,5,1,1,21.38,0.1668,0,0
110,111,5,2,1,20.21,0.1438,0,0
110,111,5,3,1,19.0,0.1311,0,0
110,111,5,4,1,18.31,0.1617,0,0
110,111,5,5,1,22.25,0.2778,0,0
110,111,5,6,1,23.75,0.8614,0,0
110,111,5,7,1,23.14,1.0537,0,0
110,111,5,8,1,22.75,0.2435,0,0
110,111,5,9,1,26.88,0.9137,0,0
110,111,5,10,1,28.23,0.2059,0,0
110,111,5,11,1,28.72,0.2212,0,0
110,111,5,12,1,30.21,1.7101,0,1
110,111,5,13,1,31.77,1.0547,0,1
110,111,5,14,1,28.97,0.3684,0,0
110,111,5,15,1,30.45,0.6231,0,0
110,111,5,16,1,30.32,0.8427,0,0
110,111,5,17,1,30.5,0.718,0,0
110,111,5,18,1,31.15,1.1264,1,1
110,111,5,19,1,28.3,0.5525,1,0
110,111,5,20,1,27.42,0.9613,1,0
110,111,5,21,1,27.49,0.6522,1,0
110,111,5,22,1,24.35,0.5574,0,0
110,111,5,23,1,21.87,0.5208,0,0
111,112,6,0,1,20.85,0.1549,0,0
111,112,6,1,1,23.15,0.1709,0,0
111,112,6,2,1,20.41,0.1611,0,0
111,112,6,3,1,20.17,0.1291,0,0
111,112,6,4,1,20.3,0.1578,0,0
111,112,6,5,1,18.5,0.1966,0,0
111,112,6,6,1,21.38,0.8294,0,0
111,112,6,7,1,21.89,0.6538,0,0
111,112,6,8,1,27.34,0.3071,0,0
111,112,6,9,1,27.59,0.1276,0,0
111,112,6,10,1,26.92,0.1475,0,0
111,112,6,11,1,31.15,0.7282,0,0
111,112,6,12,1,30.23,0.7099,0,0
111,112,6,13,1,30.35,1.7848,0,1
111,112,6,14,1,30.69,0.7807,0,0
111,112,6,15,1,31.89,0.8959,0,0
111,112,6,16,1,29.66,0.7208,0,0
111,112,6,17,1,29.66,0.6533,0,0
111,112,6,18,1,28.77,0.7632,1,0
111,112,6,19,1,25.9,0.9605,1,1
111,112,6,20,1,28.58,1.0641,1,1
111,112,6,21,1,24.47,0.6015,1,0
111,112,6,22,1,24.13,0.7176,0,0
111,112,6,23,1,22.58,0.6197,0,0
112,113,0,0,0,21.07,0.1362,0,0
112,113,0,1,0,21.17,0.1824,0,0
112,113,0,2,0,19.77,0.1665,0,0
112,113,0,3,0,18.93,0.1536,0,0
112,113,0,4,0,20.65,0.1824,0,0
112,113,0,5,0,18.91,0.2106,0,0
112,113,0,6,0,23.99,0.9304,0,1
112,113,0,7,0,23.38,0.744,0,0
112,113,0,8,0,25.37,0.1579,0,0
112,113,0,9,0,25.86,0.2859,0,0
112,113,0,10,0,27.07,1.1377,0,1
112,113,0,11,0,28.31,0.1451,0,0
112,113,0,12,0,28.12,0.9533,0,1
112,113,0,13,0,30.76,0.473,0,0
112,113,0,14,0,31.84,0.6238,0,0
112,113,0,15,0,31.47,0.4705,0,0
112,113,0,16,0,30.86,0.4735,0,0
112,113,0,17,0,29.07,0.5212,0,0
112,113,0,18,0,28.92,0.644,1,0
112,113,0,19,0,27.95,0.561,1,0
112,113,0,20,0,27.01,0.4679,1,0
112,113,0,21,0,24.86,0.568,1,0
112,113,0,22,0,22.24,0.6312,0,0
112,113,0,23,0,23.18,0.7114,0,0
113,114,1,0,0,21.69,0.1693,0,0
113,114,1,1,0,19.65,0.154,0,0
113,114,1,2,0,21.48,0.1452,0,0
113,114,1,3,0,19.34,0.1457,0,0
113,114,1,4,0,21.52,0.1431,0,0
113,114,1,5,0,20.96,0.3314,0,0
113,114,1,6,0,21.9,0.924,0,1
113,114,1,7,0,22.46,0.8121,0,0
113,114,1,8,0,24.77,0.3155,0,0
113,114,1,9,0,23.87,0.2608,0,0
113,114,1,10,0,26.37,0.248,0,0
113,114,1,11,0,27.0,0.2746,0,0
113,114,1,12,0,29.14,0.4406,0,0
113,114,1,13,0,31.12,0.6342,0,0
113,114,1,14,0,32.21,0.5823,0,0
113,114,1,15,0,30.48,0.5066,0,0
113,114,1,16,0,31.65,0.6337,0,0
113,114,1,17,0,30.72,0.7888,0,0
113,114,1,18,0,32.24,1.394,1,1
113,114,1,19,0,26.84,0.584,1,0
113,114,1,20,0,29.16,1.1981,1,1
113,114,1,21,0,24.44,0.5942,1,0
113,114,1,22,0,24.68,0.7548,0,0
113,114,1,23,0,23.61,0.609,0,0
114,115,2,0,0,24.59,0.1702,0,0
114,115,2,1,0,20.99,0.1723,0,0
114,115,2,2,0,20.91,0.1424,0,0
114,115,2,3,0,20.55,0.1771,0,0
114,115,2,4,0,19.27,0.16,0,0
114,115,2,5,0,21.22,0.1978,0,0
114,115,2,6,0,20.84,0.7641,0,0
114,115,2,7,0,22.23,1.0157,0,1
114,115,2,8,0,24.14,0.2537,0,0
114,115,2,9,0,25.25,0.2776,0,0
114,115,2,10,0,27.87,0.1919,0,0
114,115,2,11,0,29.4,0.3889,0,0
114,115,2,12,0,30.49,0.4496,0,0
114,115,2,13,0,30.88,0.5703,0,0
114,115,2,14,0,31.25,0.6919,0,0
114,115,2,15,0,31.94,0.5089,0,0
114,115,2,16,0,31.43,0.5922,0,0
114,115,2,17,0,29.9,0.6568,0,0
114,115,2,18,0,29.25,0.8619,1,1
114,115,2,19,0,28.8,0.6676,1,0
114,115,2,20,0,27.5,1.0701,1,1
114,115,2,21,0,25.48,0.659,1,0
114,115,2,22,0,25.17,0.6259,0,0
114,115,2,23,0,23.67,0.6657,0,0
115,116,3,0,0,22.68,0.1569,0,0
115,116,3,1,0,20.6,0.1442,0,0
115,116,3,2,0,20.47,0.1703,0,0
115,116,3,3,0,21.15,0.1642,0,0
115,116,3,4,0,22.49,0.1458,0,0
115,116,3,5,0,21.52,0.3146,0,0
115,116,3,6,0,22.46,0.2587,0,0
115,116,3,7,0,25.3,0.7341,0,0
115,116,3,8,0,24.27,0.2815,0,0
115,116,3,9,0,26.11,0.1806,0,0
115,116,3,10,0,27.49,0.1318,0,0
115,116,3,11,0,30.74,0.4734,0,0
115,116,3,12,0,30.12,1.1034,0,1
115,116,3,13,0,30.99,0.5417,0,0
115,116,3,14,0,32.66,0.7864,0,0
115,116,3,15,0,31.32,1.4203,0,1
115,116,3,16,0,31.85,0.7726,0,0
115,116,3,17,0,31.83,1.8651,0,1
115,116,3,18,0,29.63,0.7799,1,0
115,116,3,19,0,28.86,0.4044,1,0
115,116,3,20,0,27.86,1.0066,1,0
115,116,3,21,0,28.2,0.5248,1,0
115,116,3,22,0,24.25,0.5437,0,0
115,116,3,23,0,23.82,0.4672,0,0
116,117,4,0,0,23.49,0.1631,0,0
116,117,4,1,0,22.1,0.1504,0,0
116,117,4,2,0,21.73,0.1493,0,0
116,117,4,3,0,21.06,0.1312,0,0
116,117,4,4,0,19.69,0.1474,0,0
116,117,4,5,0,20.34,0.3733,0,0
116,117,4,6,0,19.81,0.7567,0,0
116,117,4,7,0,26.28,0.6375,0,0
116,117,4,8,0,23.67,0.2983,0,0
116,117,4,9,0,24.82,0.2052,0,0
116,117,4,10,0,27.74,0.1491,0,0
116,117,4,11,0,28.19,1.0088,0,1
116,117,4,12,0,29.97,0.4115,0,0
116,117,4,13,0,30.87,0.5705,0,0
116,117,4,14,0,32.19,1.344,0,1
116,117,4,15,0,30.42,0.5505,0,0
116,117,4,16,0,30.6,0.4794,0,0
116,117,4,17,0,30.63,0.8016,0,0
116,117,4,18,0,29.4,0.9053,1,0
116,117,4,19,0,29.57,1.5861,1,1
116,117,4,20,0,27.89,0.5044,1,0
116,117,4,21,0,25.43,0.5903,1,0
116,117,4,22,0,20.9,0.644,0,0
116,117,4,23,0,23.05,0.6155,0,0
117,118,5,0,1,21.01,0.1643,0,0
117,118,5,1,1,21.21,0.1552,0,0
117,118,5,2,1,21.42,0.1392,0,0
117,118,5,3,1,23.05,0.1487,0,0
117,118,5,4,1,22.59,0.1891,0,0
117,118,5,5,1,20.94,0.2365,0,0
117,118,5,6,1,22.71,0.9951,0,0
117,118,5,7,1,23.05,0.3512,0,0
117,118,5,8,1,25.2,0.1728,0,0
117,118,5,9,1,24.41,0.1762,0,0
117,118,5,10,1,25.68,0.1483,0,0
117,118,5,11,1,29.74,0.7227,0,0
117,118,5,12,1,27.87,0.2623,0,0
117,118,5,13,1,31.34,2.0786,0,1
117,118,5,14,1,31.15,0.7756,0,0
117,118,5,15,1,31.44,1.7646,0,1
117,118,5,16,1,32.15,1.3126,0,1
117,118,5,17,1,32.26,1.1354,0,0
117,118,5,18,1,30.71,1.0275,1,0
117,118,5,19,1,26.92,1.2278,1,0
117,118,5,20,1,28.46,1.1985,1,0
117,118,5,21,1,27.0,0.5698,1,0
117,118,5,22,1,22.75,0.4802,0,0
117,118,5,23,1,25.76,0.5409,0,0
118,119,6,0,1,23.74,0.152,0,0
118,119,6,1,1,22.81,0.1896,0,0
118,119,6,2,1,23.28,0.1722,0,0
118,119,6,3,1,21.9,0.135,0,0
118,119,6,4,1,21.64,0.1683,0,0
118,119,6,5,1,23.98,0.2907,0,0
118,119,6,6,1,21.65,0.7571,0,0
118,119,6,7,1,24.36,0.583,0,0
118,119,6,8,1,23.96,0.2158,0,0
118,119,6,9,1,26.53,0.2916,0,0
118,119,6,10,1,27.29,1.212,0,0
118,119,6,11,1,31.87,1.865,0,1
118,119,6,12,1,30.81,0.838,0,0
118,119,6,13,1,31.85,1.0188,0,0
118,119,6,14,1,30.76,1.9075,0,1
118,119,6,15,1,34.48,1.5855,0,0
118,119,6,16,1,30.87,0.9413,0,0
118,119,6,17,1,31.12,1.9153,0,1
118,119,6,18,1,31.65,1.2825,1,0
118,119,6,19,1,29.83,0.9871,1,0
118,119,6,20,1,28.41,1.1781,1,0
118,119,6,21,1,27.63,0.4764,1,0
118,119,6,22,1,25.77,0.5172,0,0
118,119,6,23,1,24.12,0.5443,0,0
119,120,0,0,0,24.88,0.1328,0,0
119,120,0,1,0,23.03,0.1505,0,0
119,120,0,2,0,20.46,0.1411,0,0
119,120,0,3,0,20.75,0.1674,0,0
119,120,0,4,0,20.85,0.1466,0,0
119,120,0,5,0,21.65,0.1967,0,0
119,120,0,6,0,24.23,0.8624,0,0
119,120,0,7,0,25.69,0.2685,0,0
119,120,0,8,0,25.01,0.1552,0,0
119,120,0,9,0,26.78,0.2662,0,0
119,120,0,10,0,28.77,0.2395,0,0
119,120,0,11,0,29.18,0.3461,0,0
119,120,0,12,0,29.63,0.3764,0,0
119,120,0,13,0,32.02,0.7385,0,0
119,120,0,14,0,32.58,0.6378,0,0
119,120,0,15,0,32.9,0.7724,0,0
119,120,0,16,0,32.06,0.5782,0,0
119,120,0,17,0,30.93,1.0444,0,1
119,120,0,18,0,29.33,1.0101,1,1
119,120,0,19,0,30.69,0.8926,1,1
119,120,0,20,0,29.66,0.8839,1,0
119,120,0,21,0,27.09,0.5984,1,0
119,120,0,22,0,25.06,0.4909,0,0
119,120,0,23,0,24.1,0.6178,0,0
120,121,1,0,0,23.98,0.171,0,0
120,121,1,1,0,21.77,0.1388,0,0
120,121,1,2,0,22.22,0.1628,0,0
120,121,1,3,0,20.44,0.1712,0,0
120,121,1,4,0,21.12,0.1373,0,0
120,121,1,5,0,20.51,0.2384,0,0
120,121,1,6,0,23.05,0.936,0,1
120,121,1,7,0,24.95,0.8569,0,0
120,121,1,8,0,26.78,0.1871,0,0
120,121,1,9,0,27.81,0.2312,0,0
120,121,1,10,0,28.1,0.194,0,0
120,121,1,11,0,32.53,0.6159,0,0
120,121,1,12,0,31.4,0.5046,0,0
120,121,1,13,0,31.22,0.6517,0,0
120,121,1,14,0,31.9,0.6393,0,0
120,121,1,15,0,33.36,0.6307,0,0
120,121,1,16,0,32.99,0.7275,0,0
120,121,1,17,0,30.68,0.8892,0,1
120,121,1,18,0,29.82,0.8626,1,0
120,121,1,19,0,29.35,0.971,1,1
120,121,1,20,0,26.61,0.6521,1,0
120,121,1,21,0,27.51,0.3564,1,0
120,121,1,22,0,25.12,0.5005,0,0
120,121,1,23,0,26.12,0.5252,0,0
121,122,2,0,0,25.64,0.1734,0,0
121,122,2,1,0,23.15,0.1871,0,0
121,122,2,2,0,24.21,0.1686,0,0
121,122,2,3,0,21.13,0.1504,0,0
121,122,2,4,0,22.12,0.1412,0,0
121,122,2,5,0,23.87,0.2689,0,0
121,122,2,6,0,23.56,0.732,0,0
121,122,2,7,0,24.19,0.3397,0,0
121,122,2,8,0,27.1,0.2105,0,0
121,122,2,9,0,28.4,0.259,0,0
121,122,2,10,0,27.63,0.2962,0,0
121,122,2,11,0,30.17,0.4195,0,0
121,122,2,12,0,30.54,0.4134,0,0
121,122,2,13,0,31.39,0.6039,0,0
121,122,2,14,0,32.35,0.7305,0,0
121,122,2,15,0,33.42,0.6834,0,0
121,122,2,16,0,34.07,0.8286,0,0
121,122,2,17,0,32.77,1.1757,0,1
121,122,2,18,0,29.42,0.8522,1,1
121,122,2,19,0,30.95,1.6801,1,1
121,122,2,20,0,27.35,0.3669,1,0
121,122,2,21,0,28.89,0.5496,1,0
121,122,2,22,0,26.53,0.4675,0,0
121,122,2,23,0,23.75,0.5753,0,0
122,123,3,0,0,24.16,0.1655,0,0
122,123,3,1,0,23.47,0.1355,0,0
122,123,3,2,0,22.58,0.1273,0,0
122,123,3,3,0,21.41,0.1411,0,0
122,123,3,4,0,21.53,0.1447,0,0
122,123,3,5,0,23.33,0.2983,0,0
122,123,3,6,0,21.65,0.7815,0,0
122,123,3,7,0,26.6,0.5688,0,0
122,123,3,8,0,25.89,0.2334,0,0
122,123,3,9,0,28.84,0.2632,0,0
122,123,3,10,0,31.1,0.4154,0,0
122,123,3,11,0,30.42,0.5837,0,0
122,123,3,12,0,30.59,0.5563,0,0
122,123,3,13,0,32.88,0.6861,0,0
122,123,3,14,0,32.58,0.5972,0,0
122,123,3,15,0,33.55,0.7726,0,0
122,123,3,16,0,32.95,0.71,0,0
122,123,3,17,0,32.19,0.9825,0,0
122,123,3,18,0,31.48,1.4177,1,1
122,123,3,19,0,29.43,1.0575,1,1
122,123,3,20,0,29.1,1.0287,1,1
122,123,3,21,0,27.3,0.6596,1,0
122,123,3,22,0,24.49,0.5261,0,0
122,123,3,23,0,24.41,0.7308,0,0
123,124,4,0,0,24.69,0.1706,0,0
123,124,4,1,0,23.68,0.1563,0,0
123,124,4,2,0,22.56,0.1459,0,0
123,124,4,3,0,24.24,0.1534,0,0
123,124,4,4,0,23.25,0.1878,0,0
123,124,4,5,0,21.92,0.314,0,0
123,124,4,6,0,23.63,0.8083,0,0
123,124,4,7,0,25.74,0.6904,0,0
123,124,4,8,0,25.08,0.226,0,0
123,124,4,9,0,30.08,0.5284,0,0
123,124,4,10,0,30.01,0.4642,0,0
123,124,4,11,0,29.67,0.4758,0,0
123,124,4,12,0,30.27,0.4538,0,0
123,124,4,13,0,32.13,0.5988,0,0
123,124,4,14,0,33.52,0.7341,0,0
123,124,4,15,0,33.48,0.8483,0,0
123,124,4,16,0,34.92,0.7904,0,0
123,124,4,17,0,31.12,0.9267,0,0
123,124,4,18,0,30.77,1.3328,1,1
123,124,4,19,0,30.79,1.1062,1,1
123,124,4,20,0,30.13,0.9986,1,1
123,124,4,21,0,28.94,0.6068,1,0
123,124,4,22,0,27.79,0.4756,0,0
123,124,4,23,0,23.69,0.5567,0,0
124,125,5,0,1,25.83,0.1686,0,0
124,125,5,1,1,25.01,0.1826,0,0
124,125,5,2,1,22.18,0.1827,0,0
124,125,5,3,1,20.91,0.1453,0,0
124,125,5,4,1,21.77,0.1276,0,0
124,125,5,5,1,23.36,0.2938,0,0
124,125,5,6,1,23.79,0.8744,0,0
124,125,5,7,1,23.95,0.9215,0,0
124,125,5,8,1,28.82,0.1347,0,0
124,125,5,9,1,29.2,0.586,0,0
124,125,5,10,1,28.83,1.0446,0,0
124,125,5,11,1,31.06,0.7325,0,0
124,125,5,12,1,31.02,0.8176,0,0
124,125,5,13,1,33.1,1.2607,0,0
124,125,5,14,1,33.54,1.2675,0,0
124,125,5,15,1,31.75,1.1382,0,0
124,125,5,16,1,32.42,2.0729,0,1
124,125,5,17,1,34.94,1.0863,0,0
124,125,5,18,1,31.39,1.3729,1,1
124,125,5,19,1,29.45,1.3244,1,1
124,125,5,20,1,27.1,0.6565,1,0
124,125,5,21,1,26.81,0.7009,1,0
124,125,5,22,1,27.89,0.5237,0,0
124,125,5,23,1,26.31,0.4941,0,0
125,126,6,0,1,23.13,0.1713,0,0
125,126,6,1,1,24.83,0.1263,0,0
125,126,6,2,1,22.85,0.1499,0,0
125,126,6,3,1,23.29,0.1551,0,0
125,126,6,4,1,22.28,0.1554,0,0
125,126,6,5,1,23.99,0.3126,0,0
125,126,6,6,1,24.42,0.8145,0,0
125,126,6,7,1,27.78,0.8359,0,0
125,126,6,8,1,26.66,0.1905,0,0
125,126,6,9,1,28.15,0.2559,0,0
125,126,6,10,1,29.14,0.4772,0,0
125,126,6,11,1,29.33,0.4307,0,0
125,126,6,12,1,32.72,1.1258,0,0
125,126,6,13,1,33.58,1.3209,0,1
125,126,6,14,1,32.32,1.0248,0,0
125,126,6,15,1,31.73,1.1912,0,0
125,126,6,16,1,33.98,1.2686,0,1
125,126,6,17,1,32.32,1.0701,0,0
125,126,6,18,1,31.42,1.0458,1,0
125,126,6,19,1,30.15,1.2084,1,1
125,126,6,20,1,28.67,0.6433,1,0
125,126,6,21,1,27.43,0.6714,1,0
125,126,6,22,1,27.89,0.6827,0,0
125,126,6,23,1,26.28,0.5369,0,0
126,127,0,0,0,24.12,0.1506,0,0
126,127,0,1,0,22.53,0.1359,0,0
126,127,0,2,0,23.03,0.1589,0,0
126,127,0,3,0,21.81,0.1739,0,0
126,127,0,4,0,23.51,0.1476,0,0
126,127,0,5,0,21.05,0.1763,0,0
126,127,0,6,0,23.88,1.0891,0,1
126,127,0,7,0,26.92,0.9164,0,0
126,127,0,8,0,25.83,0.2616,0,0
126,127,0,9,0,29.62,0.392,0,0
126,127,0,10,0,30.3,0.4957,0,0
126,127,0,11,0,32.49,0.7998,0,0
126,127,0,12,0,32.63,0.5855,0,0
126,127,0,13,0,32.93,0.7924,0,0
126,127,0,14,0,34.91,0.9064,0,0
126,127,0,15,0,34.44,0.7678,0,0
126,127,0,16,0,33.22,0.7359,0,0
126,127,0,17,0,34.0,1.2881,0,1
126,127,0,18,0,32.64,1.5999,1,1
126,127,0,19,0,30.4,0.9622,1,0
126,127,0,20,0,28.93,0.6119,1,0
126,127,0,21,0,26.42,0.4987,1,0
126,127,0,22,0,28.09,0.5901,0,0
126,127,0,23,0,26.51,0.5098,0,0
127,128,1,0,0,24.57,0.1662,0,0
127,128,1,1,0,23.26,0.1493,0,0
127,128,1,2,0,22.88,0.1671,0,0
127,128,1,3,0,22.59,0.166,0,0
127,128,1,4,0,23.37,0.1704,0,0
127,128,1,5,0,21.15,0.2851,0,0
127,128,1,6,0,26.79,0.9874,0,0
127,128,1,7,0,25.45,0.8431,0,0
127,128,1,8,0,27.79,0.2345,0,0
127,128,1,9,0,29.77,0.4166,0,0
127,128,1,10,0,32.13,0.5153,0,0
127,128,1,11,0,32.01,0.6507,0,0
127,128,1,12,0,33.37,0.9134,0,0
127,128,1,13,0,33.12,1.5819,0,1
127,128,1,14,0,34.54,1.0039,0,0
127,128,1,15,0,32.96,0.7674,0,0
127,128,1,16,0,31.05,0.5278,0,0
127,128,1,17,0,32.69,1.022,0,0
127,128,1,18,0,33.13,1.4565,1,1
127,128,1,19,0,31.08,1.3107,1,1
127,128,1,20,0,30.72,0.989,1,0
127,128,1,21,0,28.63,0.4562,1,0
127,128,1,22,0,28.0,0.6071,0,0
127,128,1,23,0,24.61,0.6797,0,0
128,129,2,0,0,26.69,0.1345,0,0
128,129,2,1,0,26.03,0.1642,0,0
128,129,2,2,0,24.74,0.1567,0,0
128,129,2,3,0,23.23,0.1735,0,0
128,129,2,4,0,24.08,0.13,0,0
128,129,2,5,0,22.69,0.1854,0,0
128,129,2,6,0,25.03,0.2535,0,0
128,129,2,7,0,24.62,0.2452,0,0
128,129,2,8,0,26.1,0.1391,0,0
128,129,2,9,0,30.13,0.383,0,0
128,129,2,10,0,29.08,0.4678,0,0
128,129,2,11,0,30.97,0.4572,0,0
128,129,2,12,0,34.08,0.8121,0,0
128,129,2,13,0,34.07,0.8387,0,0
128,129,2,14,0,32.69,0.7503,0,0
128,129,2,15,0,34.29,0.9479,0,0
128,129,2,16,0,34.38,0.8036,0,0
128,129,2,17,0,32.44,1.0406,0,0
128,129,2,18,0,34.44,1.5285,1,1
128,129,2,19,0,30.93,2.0127,1,1
128,129,2,20,0,32.54,2.0959,1,1
128,129,2,21,0,28.77,0.5594,1,0
128,129,2,22,0,25.26,0.7932,0,0
128,129,2,23,0,23.48,0.5746,0,0
129,130,3,0,0,25.14,0.1408,0,0
129,130,3,1,0,24.59,0.147,0,0
129,130,3,2,0,23.32,0.1296,0,0
129,130,3,3,0,23.81,0.1331,0,0
129,130,3,4,0,24.56,0.1404,0,0
129,130,3,5,0,24.26,0.2582,0,0
129,130,3,6,0,25.8,0.7801,0,0
129,130,3,7,0,25.01,0.6465,0,0
129,130,3,8,0,29.04,0.5047,0,0
129,130,3,9,0,27.86,0.292,0,0
129,130,3,10,0,30.01,0.389,0,0
129,130,3,11,0,31.49,0.5493,0,0
129,130,3,12,0,32.91,0.6924,0,0
129,130,3,13,0,34.71,0.8222,0,0
129,130,3,14,0,33.56,0.7773,0,0
129,130,3,15,0,34.52,0.733,0,0
129,130,3,16,0,33.37,0.7644,0,0
129,130,3,17,0,32.68,1.1763,0,0
129,130,3,18,0,33.41,1.6524,1,1
129,130,3,19,0,31.49,1.2095,1,1
129,130,3,20,0,30.29,1.5417,1,1
129,130,3,21,0,30.09,1.2094,1,0
129,130,3,22,0,27.31,0.4397,0,0
129,130,3,23,0,25.83,0.6143,0,0
130,131,4,0,0,24.9,0.1328,0,0
130,131,4,1,0,24.67,0.1892,0,0
130,131,4,2,0,24.18,0.1805,0,0
130,131,4,3,0,22.12,0.1851,0,0
130,131,4,4,0,22.85,0.1808,0,0
130,131,4,5,0,23.26,0.3342,0,0
130,131,4,6,0,24.34,0.8502,0,0
130,131,4,7,0,26.88,0.9846,0,0
130,131,4,8,0,28.37,0.2574,0,0
130,131,4,9,0,29.43,0.3189,0,0
130,131,4,10,0,29.22,1.3403,0,0
130,131,4,11,0,31.78,0.6534,0,0
130,131,4,12,0,33.03,0.6343,0,0
130,131,4,13,0,33.31,0.8264,0,0
130,131,4,14,0,35.52,2.0853,0,1
130,131,4,15,0,35.52,0.9722,0,0
130,131,4,16,0,33.39,0.6137,0,0
130,131,4,17,0,34.34,1.4719,0,1
130,131,4,18,0,33.29,1.4016,1,1
130,131,4,19,0,31.81,1.0824,1,0
130,131,4,20,0,30.92,1.0549,1,0
130,131,4,21,0,27.52,0.5159,1,0
130,131,4,22,0,28.95,0.5202,0,0
130,131,4,23,0,25.91,0.5064,0,0
131,132,5,0,1,24.63,0.146,0,0
131,132,5,1,1,24.55,0.1965,0,0
131,132,5,2,1,24.28,0.1277,0,0
131,132,5,3,1,24.24,0.1677,0,0
131,132,5,4,1,24.43,0.1312,0,0
131,132,5,5,1,24.55,0.3383,0,0
131,132,5,6,1,24.41,0.8365,0,0
131,132,5,7,1,28.08,0.2759,0,0
131,132,5,8,1,30.61,0.8582,0,0
131,132,5,9,1,31.01,0.8876,0,0
131,132,5,10,1,32.86,1.2285,0,0
131,132,5,11,1,32.05,1.0245,0,0
131,132,5,12,1,33.25,1.2054,0,0
131,132,5,13,1,34.59,2.4457,0,1
131,132,5,14,1,33.6,1.1359,0,0
131,132,5,15,1,35.47,1.5984,0,1
131,132,5,16,1,34.0,2.3935,0,1
131,132,5,17,1,33.38,1.095,0,0
131,132,5,18,1,32.59,1.3887,1,0
131,132,5,19,1,30.85,1.0601,1,0
131,132,5,20,1,29.35,0.9466,1,0
131,132,5,21,1,29.79,1.0619,1,0
131,132,5,22,1,27.42,0.4244,0,0
131,132,5,23,1,27.38,0.6219,0,0
132,133,6,0,1,24.81,0.1715,0,0
132,133,6,1,1,23.58,0.1477,0,0
132,133,6,2,1,25.16,0.1562,0,0
132,133,6,3,1,23.31,0.1812,0,0
132,133,6,4,1,24.56,0.1618,0,0
132,133,6,5,1,23.39,0.3149,0,0
132,133,6,6,1,27.2,0.7036,0,0
132,133,6,7,1,28.05,0.2534,0,0
132,133,6,8,1,27.87,0.1927,0,0
132,133,6,9,1,29.61,0.6149,0,0
132,133,6,10,1,29.91,0.5088,0,0
132,133,6,11,1,31.27,0.9358,0,0
132,133,6,12,1,33.53,1.3571,0,0
132,133,6,13,1,33.38,1.4147,0,0
132,133,6,14,1,36.76,1.8206,0,1
132,133,6,15,1,34.73,2.5884,0,1
132,133,6,16,1,34.23,1.3879,0,0
132,133,6,17,1,33.2,1.1745,0,0
132,133,6,18,1,33.14,1.5219,1,1
132,133,6,19,1,32.92,1.2929,1,0
132,133,6,20,1,29.0,0.608,1,0
132,133,6,21,1,29.17,0.9663,1,0
132,133,6,22,1,27.74,0.6877,0,0
132,133,6,23,1,25.71,0.384,0,0
133,134,0,0,0,24.42,0.1513,0,0
133,134,0,1,0,23.92,0.1524,0,0
133,134,0,2,0,23.78,0.1243,0,0
133,134,0,3,0,25.34,0.1465,0,0
133,134,0,4,0,23.88,0.1534,0,0
133,134,0,5,0,25.97,0.239,0,0
133,134,0,6,0,26.52,0.9061,0,0
133,134,0,7,0,26.0,0.6577,0,0
133,134,0,8,0,26.5,0.1668,0,0
133,134,0,9,0,30.08,0.5413,0,0
133,134,0,10,0,32.18,0.6759,0,0
133,134,0,11,0,32.07,0.5835,0,0
133,134,0,12,0,34.97,0.8746,0,0
133,134,0,13,0,33.41,1.6356,0,1
133,134,0,14,0,33.79,0.7897,0,0
133,134,0,15,0,36.46,1.0068,0,0
133,134,0,16,0,35.9,2.0568,0,1
133,134,0,17,0,34.55,1.5809,0,0
133,134,0,18,0,34.0,1.6524,1,1
133,134,0,19,0,30.99,1.6049,1,0
133,134,0,20,0,28.5,0.9455,1,0
133,134,0,21,0,30.05,0.7717,1,0
133,134,0,22,0,25.24,0.724,0,0
133,134,0,23,0,27.19,0.5001,0,0
134,135,1,0,0,26.98,0.1488,0,0
134,135,1,1,0,25.41,0.1401,0,0
134,135,1,2,0,24.48,0.1277,0,0
134,135,1,3,0,23.18,0.1685,0,0
134,135,1,4,0,25.57,0.1225,0,0
134,135,1,5,0,25.17,0.1946,0,0
134,135,1,6,0,25.88,0.2486,0,0
134,135,1,7,0,27.48,0.8421,0,0
134,135,1,8,0,26.2,0.1541,0,0
134,135,1,9,0,28.43,0.2865,0,0
134,135,1,10,0,30.14,0.4118,0,0
134,135,1,11,0,33.46,0.719,0,0
134,135,1,12,0,34.46,0.6844,0,0
134,135,1,13,0,33.44,0.6875,0,0
134,135,1,14,0,36.22,0.971,0,0
134,135,1,15,0,37.55,0.9951,0,0
134,135,1,16,0,34.95,0.9605,0,0
134,135,1,17,0,35.05,1.5512,0,1
134,135,1,18,0,32.61,1.3755,1,1
134,135,1,19,0,32.29,1.9057,1,1
134,135,1,20,0,30.76,1.1868,1,0
134,135,1,21,0,31.04,1.0256,1,0
134,135,1,22,0,27.57,0.5102,0,0
134,135,1,23,0,27.23,0.3855,0,0
135,136,2,0,0,26.17,0.1657,0,0
135,136,2,1,0,25.38,0.1478,0,0
135,136,2,2,0,24.92,0.1418,0,0
135,136,2,3,0,23.61,0.1874,0,0
135,136,2,4,0,24.56,0.164,0,0
135,136,2,5,0,26.29,0.2813,0,0
135,136,2,6,0,26.24,0.9661,0,0
135,136,2,7,0,26.49,0.2111,0,0
135,136,2,8,0,29.37,0.4357,0,0
135,136,2,9,0,31.14,0.5502,0,0
135,136,2,10,0,31.14,1.3115,0,0
135,136,2,11,0,31.19,0.6218,0,0
135,136,2,12,0,33.07,0.8775,0,0
135,136,2,13,0,35.07,0.7833,0,0
135,136,2,14,0,38.61,0.9413,0,0
135,136,2,15,0,35.6,0.9779,0,0
135,136,2,16,0,36.45,0.9694,0,0
135,136,2,17,0,35.63,1.5661,0,1
135,136,2,18,0,31.56,1.3119,1,0
135,136,2,19,0,32.4,1.5055,1,1
135,136,2,20,0,32.48,2.1171,1,1
135,136,2,21,0,30.03,0.8317,1,0
135,136,2,22,0,28.89,0.5077,0,0
135,136,2,23,0,26.29,0.5238,0,0
136,137,3,0,0,26.7,0.1608,0,0
136,137,3,1,0,26.01,0.1308,0,0
136,137,3,2,0,25.45,0.1801,0,0
136,137,3,3,0,21.86,0.1524,0,0
136,137,3,4,0,22.64,0.1912,0,0
136,137,3,5,0,26.25,0.3311,0,0
136,137,3,6,0,26.9,0.7186,0,0
136,137,3,7,0,27.8,1.0339,0,0
136,137,3,8,0,30.87,0.9186,0,0
136,137,3,9,0,29.8,0.3322,0,0
136,137,3,10,0,31.01,0.5364,0,0
136,137,3,11,0,32.76,0.681,0,0
136,137,3,12,0,34.58,0.9308,0,0
136,137,3,13,0,35.06,0.9042,0,0
136,137,3,14,0,34.0,0.8029,0,0
136,137,3,15,0,35.91,1.0005,0,0
136,137,3,16,0,33.76,0.7461,0,0
136,137,3,17,0,34.23,1.4306,0,1
136,137,3,18,0,33.86,1.5589,1,1
136,137,3,19,0,30.88,1.2129,1,0
136,137,3,20,0,32.06,1.9415,1,1
136,137,3,21,0,31.52,1.0329,1,0
136,137,3,22,0,30.99,0.9945,0,0
136,137,3,23,0,29.53,1.0519,0,0
137,138,4,0,0,25.49,0.1595,0,0
137,138,4,1,0,26.95,0.1855,0,0
137,138,4,2,0,23.9,0.1544,0,0
137,138,4,3,0,24.62,0.1641,0,0
137,138,4,4,0,26.38,0.1758,0,0
137,138,4,5,0,24.72,0.2045,0,0
137,138,4,6,0,25.25,0.79,0,0
137,138,4,7,0,29.08,0.9802,0,0
137,138,4,8,0,28.7,0.2881,0,0
137,138,4,9,0,29.6,0.4782,0,0
137,138,4,10,0,32.53,0.5766,0,0
137,138,4,11,0,33.97,0.8391,0,0
137,138,4,12,0,34.22,0.7679,0,0
137,138,4,13,0,36.44,1.0054,0,0
137,138,4,14,0,36.19,0.8342,0,0
137,138,4,15,0,36.78,1.0649,0,0
137,138,4,16,0,37.51,1.0553,0,0
137,138,4,17,0,35.28,1.5324,0,1
137,138,4,18,0,32.23,1.3645,1,1
137,138,4,19,0,32.79,1.2953,1,1
137,138,4,20,0,30.69,0.8526,1,0
137,138,4,21,0,30.39,1.2099,1,0
137,138,4,22,0,30.13,1.1629,0,0
137,138,4,23,0,27.96,0.5693,0,0
138,139,5,0,1,27.13,0.1537,0,0
138,139,5,1,1,24.69,0.1421,0,0
138,139,5,2,1,23.56,0.1464,0,0
138,139,5,3,1,24.88,0.1893,0,0
138,139,5,4,1,25.18,0.1948,0,0
138,139,5,5,1,25.91,0.2182,0,0
138,139,5,6,1,25.12,0.7298,0,0
138,139,5,7,1,28.86,0.8157,0,0
138,139,5,8,1,28.94,0.292,0,0
138,139,5,9,1,28.51,1.3478,0,0
138,139,5,10,1,32.43,2.1723,0,1
138,139,5,11,1,33.65,1.2654,0,0
138,139,5,12,1,34.44,1.5249,0,0
138,139,5,13,1,34.19,1.56,0,0
138,139,5,14,1,33.56,1.1859,0,0
138,139,5,15,1,37.18,1.7247,0,1
138,139,5,16,1,34.26,1.5064,0,0
138,139,5,17,1,35.44,1.4212,0,0
138,139,5,18,1,33.23,1.3451,1,0
138,139,5,19,1,34.09,1.6893,1,1
138,139,5,20,1,32.49,1.2559,1,0
138,139,5,21,1,29.88,0.7608,1,0
138,139,5,22,1,27.15,0.5546,0,0
138,139,5,23,1,25.64,0.5237,0,0
139,140,6,0,1,26.89,0.1725,0,0
139,140,6,1,1,25.49,0.1708,0,0
139,140,6,2,1,26.41,0.1384,0,0
139,140,6,3,1,25.17,0.1705,0,0
139,140,6,4,1,24.57,0.18,0,0
139,140,6,5,1,24.65,0.236,0,0
139,140,6,6,1,25.81,0.3078,0,0
139,140,6,7,1,26.88,0.7021,0,0
139,140,6,8,1,28.42,0.1539,0,0
139,140,6,9,1,28.85,0.2316,0,0
139,140,6,10,1,31.92,0.8727,0,0
139,140,6,11,1,32.33,1.1115,0,0
139,140,6,12,1,33.26,2.1053,0,0
139,140,6,13,1,33.68,1.3242,0,0
139,140,6,14,1,38.05,1.5868,0,0
139,140,6,15,1,35.63,2.5503,0,1
139,140,6,16,1,34.9,1.4363,0,0
139,140,6,17,1,34.87,2.5354,0,1
139,140,6,18,1,37.38,2.2625,1,1
139,140,6,19,1,32.25,1.8402,1,0
139,140,6,20,1,32.57,2.0427,1,0
139,140,6,21,1,29.48,1.0607,1,0
139,140,6,22,1,26.97,0.5065,0,0
139,140,6,23,1,28.74,0.7212,0,0
140,141,0,0,0,25.44,0.1264,0,0
140,141,0,1,0,25.25,0.1457,0,0
140,141,0,2,0,26.53,0.1618,0,0
140,141,0,3,0,26.46,0.1254,0,0
140,141,0,4,0,24.61,0.139,0,0
140,141,0,5,0,24.92,0.3121,0,0
140,141,0,6,0,27.05,0.7879,0,0
140,141,0,7,0,29.01,0.8245,0,0
140,141,0,8,0,29.62,0.5956,0,0
140,141,0,9,0,29.79,0.3558,0,0
140,141,0,10,0,32.23,0.5829,0,0
140,141,0,11,0,32.94,0.7176,0,0
140,141,0,12,0,35.25,0.7719,0,0
140,141,0,13,0,36.69,1.1265,0,0
140,141,0,14,0,34.94,0.9246,0,0
140,141,0,15,0,38.62,1.0052,0,0
140,141,0,16,0,36.11,0.8178,0,0
140,141,0,17,0,34.71,1.3337,0,0
140,141,0,18,0,33.62,1.622,1,1
140,141,0,19,0,32.68,2.1274,1,1
140,141,0,20,0,30.94,1.6796,1,1
140,141,0,21,0,29.89,0.9414,1,0
140,141,0,22,0,28.68,0.5542,0,0
140,141,0,23,0,28.69,0.3855,0,0
141,142,1,0,0,26.82,0.144,0,0
141,142,1,1,0,25.89,0.1588,0,0
141,142,1,2,0,24.07,0.1736,0,0
141,142,1,3,0,26.05,0.1834,0,0
141,142,1,4,0,25.56,0.1257,0,0
141,142,1,5,0,26.79,0.1913,0,0
141,142,1,6,0,26.39,0.8741,0,0
141,142,1,7,0,28.14,0.9295,0,0
141,142,1,8,0,29.3,0.5606,0,0
141,142,1,9,0,30.13,0.515,0,0
141,142,1,10,0,33.25,0.656,0,0
141,142,1,11,0,33.62,0.6752,0,0
141,142,1,12,0,34.48,0.7177,0,0
141,142,1,13,0,35.48,0.9483,0,0
141,142,1,14,0,36.04,1.0498,0,0
141,142,1,15,0,37.09,0.9171,0,0
141,142,1,16,0,35.4,0.8758,0,0
141,142,1,17,0,36.9,2.4013,0,1
141,142,1,18,0,35.03,1.7386,1,1
141,142,1,19,0,33.35,2.23,1,1
141,142,1,20,0,34.34,1.5195,1,0
141,142,1,21,0,30.02,1.0396,1,0
141,142,1,22,0,29.0,0.4495,0,0
141,142,1,23,0,28.49,0.5103,0,0
142,143,2,0,0,25.79,0.1471,0,0
142,143,2,1,0,26.75,0.1347,0,0
142,143,2,2,0,26.16,0.1793,0,0
142,143,2,3,0,26.06,0.1197,0,0
142,143,2,4,0,27.07,0.1636,0,0
142,143,2,5,0,24.2,0.3471,0,0
142,143,2,6,0,28.32,0.2165,0,0
142,143,2,7,0,27.69,0.2668,0,0
142,143,2,8,0,28.04,0.2746,0,0
142,143,2,9,0,32.43,0.6222,0,0
142,143,2,10,0,34.05,0.8574,0,0
142,143,2,11,0,32.95,0.7602,0,0
142,143,2,12,0,35.96,0.9239,0,0
142,143,2,13,0,37.03,0.9986,0,0
142,143,2,14,0,36.6,1.0092,0,0
142,143,2,15,0,35.71,0.9441,0,0
142,143,2,16,0,38.86,0.9892,0,0
142,143,2,17,0,34.94,1.4538,0,1
142,143,2,18,0,34.6,1.6855,1,1
142,143,2,19,0,32.72,1.4111,1,0
142,143,2,20,0,32.54,1.5464,1,1
142,143,2,21,0,31.2,1.2168,1,0
142,143,2,22,0,28.09,0.5104,0,0
142,143,2,23,0,29.99,1.1202,0,0
143,144,3,0,0,28.37,0.1481,0,0
143,144,3,1,0,26.51,0.1341,0,0
143,144,3,2,0,24.63,0.1867,0,0
143,144,3,3,0,23.95,0.1303,0,0
143,144,3,4,0,27.47,0.1689,0,0
143,144,3,5,0,24.83,0.2132,0,0
143,144,3,6,0,24.85,0.8012,0,0
143,144,3,7,0,28.07,0.9209,0,0
143,144,3,8,0,29.74,0.6317,0,0
143,144,3,9,0,30.77,1.7465,0,0
143,144,3,10,0,34.4,0.8975,0,0
143,144,3,11,0,33.28,0.8126,0,0
143,144,3,12,0,35.83,1.1014,0,0
143,144,3,13,0,35.68,1.0341,0,0
143,144,3,14,0,36.49,0.9998,0,0
143,144,3,15,0,38.04,1.0101,0,0
143,144,3,16,0,38.03,0.9213,0,0
143,144,3,17,0,36.16,1.8559,0,1
143,144,3,18,0,35.82,1.9417,1,1
143,144,3,19,0,34.32,1.8382,1,1
143,144,3,20,0,32.85,1.2171,1,0
143,144,3,21,0,32.45,1.5343,1,0
143,144,3,22,0,29.6,1.0603,0,0
143,144,3,23,0,28.74,0.685,0,0
144,145,4,0,0,26.72,0.1545,0,0
144,145,4,1,0,26.22,0.1388,0,0
144,145,4,2,0,26.25,0.1338,0,0
144,145,4,3,0,26.87,0.1344,0,0
144,145,4,4,0,26.11,0.1193,0,0
144,145,4,5,0,26.35,0.2037,0,0
144,145,4,6,0,27.02,1.0143,0,0
144,145,4,7,0,28.45,0.7795,0,0
144,145,4,8,0,28.36,0.1247,0,0
144,145,4,9,0,31.47,0.5651,0,0
144,145,4,10,0,32.88,0.5882,0,0
144,145,4,11,0,33.58,0.9098,0,0
144,145,4,12,0,34.05,0.8833,0,0
144,145,4,13,0,36.66,0.9614,0,0
144,145,4,14,0,35.84,1.0294,0,0
144,145,4,15,0,35.36,1.1583,0,0
144,145,4,16,0,35.81,1.0135,0,0
144,145,4,17,0,36.54,1.8233,0,1
144,145,4,18,0,35.45,1.8726,1,1
144,145,4,19,0,33.9,1.4424,1,0
144,145,4,20,0,31.57,1.6054,1,1
144,145,4,21,0,32.45,1.4241,1,0
144,145,4,22,0,29.28,1.0269,0,0
144,145,4,23,0,29.89,1.043,0,0
145,146,5,0,1,29.15,0.3293,0,0
145,146,5,1,1,26.53,0.1567,0,0
145,146,5,2,1,24.75,0.1413,0,0
145,146,5,3,1,27.82,0.183,0,0
145,146,5,4,1,26.66,0.1665,0,0
145,146,5,5,1,28.38,0.3131,0,0
145,146,5,6,1,29.73,0.7719,0,0
145,146,5,7,1,27.8,0.1936,0,0
145,146,5,8,1,33.05,1.0417,0,0
145,146,5,9,1,31.4,0.8007,0,0
145,146,5,10,1,30.58,1.7701,0,0
145,146,5,11,1,30.65,0.7406,0,0
145,146,5,12,1,37.59,1.7168,0,0
145,146,5,13,1,34.67,1.4559,0,0
145,146,5,14,1,37.45,1.4949,0,0
145,146,5,15,1,36.93,1.7226,0,0
145,146,5,16,1,38.02,1.7575,0,0
145,146,5,17,1,36.85,2.3912,0,1
145,146,5,18,1,35.36,1.8673,1,1
145,146,5,19,1,35.15,2.0978,1,1
145,146,5,20,1,31.75,1.3617,1,0
145,146,5,21,1,31.83,1.0307,1,0
145,146,5,22,1,30.2,1.034,0,0
145,146,5,23,1,28.62,0.5702,0,0
146,147,6,0,1,28.96,0.1761,0,0
146,147,6,1,1,27.66,0.175,0,0
146,147,6,2,1,28.12,0.1322,0,0
146,147,6,3,1,27.47,0.1812,0,0
146,147,6,4,1,26.67,0.1304,0,0
146,147,6,5,1,25.89,0.236,0,0
146,147,6,6,1,26.22,0.7932,0,0
146,147,6,7,1,29.18,0.9969,0,0
146,147,6,8,1,30.28,0.7337,0,0
146,147,6,9,1,31.8,0.9676,0,0
146,147,6,10,1,33.65,1.1563,0,0
146,147,6,11,1,34.57,1.3102,0,0
146,147,6,12,1,36.71,2.2824,0,0
146,147,6,13,1,36.69,2.1797,0,0
146,147,6,14,1,36.3,2.5994,0,1
146,147,6,15,1,38.82,2.8091,0,1
146,147,6,16,1,37.4,1.6163,0,0
146,147,6,17,1,36.03,1.6764,0,0
146,147,6,18,1,34.73,1.8688,1,0
146,147,6,19,1,34.66,2.3408,1,1
146,147,6,20,1,32.03,1.3639,1,0
146,147,6,21,1,33.26,1.7824,1,0
146,147,6,22,1,28.63,0.6699,0,0
146,147,6,23,1,29.88,0.9789,0,0
147,148,0,0,0,28.38,0.1297,0,0
147,148,0,1,0,27.98,0.1514,0,0
147,148,0,2,0,26.86,0.1474,0,0
147,148,0,3,0,26.94,0.1672,0,0
147,148,0,4,0,27.64,0.187,0,0
147,148,0,5,0,27.59,0.3596,0,0
147,148,0,6,0,27.18,0.3531,0,0
147,148,0,7,0,28.56,0.3474,0,0
147,148,0,8,0,29.72,0.5879,0,0
147,148,0,9,0,31.96,0.5544,0,0
147,148,0,10,0,30.73,0.4843,0,0
147,148,0,11,0,33.33,0.8499,0,0
147,148,0,12,0,36.65,1.9144,0,1
147,148,0,13,0,35.85,0.9468,0,0
147,148,0,14,0,34.81,0.8207,0,0
147,148,0,15,0,36.74,1.1033,0,0
147,148,0,16,0,36.84,1.0632,0,0
147,148,0,17,0,36.31,1.4119,0,0
147,148,0,18,0,34.35,1.6162,1,1
147,148,0,19,0,32.33,1.5282,1,0
147,148,0,20,0,33.45,2.2141,1,1
147,148,0,21,0,30.99,1.0566,1,0
147,148,0,22,0,30.51,1.013,0,0
147,148,0,23,0,27.42,0.7347,0,0
148,149,1,0,0,28.48,0.1367,0,0
148,149,1,1,0,26.38,0.1438,0,0
148,149,1,2,0,27.47,0.121,0,0
148,149,1,3,0,26.5,0.1753,0,0
148,149,1,4,0,26.39,0.1693,0,0
148,149,1,5,0,28.34,0.3194,0,0
148,149,1,6,0,25.82,0.6828,0,0
148,149,1,7,0,29.17,1.3423,0,0
148,149,1,8,0,28.98,0.1701,0,0
148,149,1,9,0,32.85,0.6509,0,0
148,149,1,10,0,33.79,0.7654,0,0
148,149,1,11,0,35.63,0.7821,0,0
148,149,1,12,0,36.26,0.9871,0,0
148,149,1,13,0,36.65,0.9923,0,0
148,149,1,14,0,36.57,0.9958,0,0
148,149,1,15,0,36.98,1.0877,0,0
148,149,1,16,0,37.69,1.023,0,0
148,149,1,17,0,35.95,1.7351,0,1
148,149,1,18,0,36.52,2.0393,1,1
148,149,1,19,0,33.82,1.6578,1,1
148,149,1,20,0,32.63,1.5772,1,0
148,149,1,21,0,31.44,1.4732,1,0
148,149,1,22,0,30.46,1.1098,0,0
148,149,1,23,0,28.32,0.6636,0,0
149,150,2,0,0,27.85,0.169,0,0
149,150,2,1,0,29.06,0.3434,0,0
149,150,2,2,0,27.29,0.1465,0,0
149,150,2,3,0,26.69,0.16,0,0
149,150,2,4,0,28.07,0.1408,0,0
149,150,2,5,0,27.52,0.349,0,0
149,150,2,6,0,27.28,0.1728,0,0
149,150,2,7,0,28.6,0.2659,0,0
149,150,2,8,0,29.62,0.6538,0,0
149,150,2,9,0,33.68,0.8906,0,0
149,150,2,10,0,35.52,0.969,0,0
149,150,2,11,0,36.24,0.9384,0,0
149,150,2,12,0,35.36,0.8623,0,0
149,150,2,13,0,35.89,1.0033,0,0
149,150,2,14,0,38.14,0.9412,0,0
149,150,2,15,0,37.86,0.9558,0,0
149,150,2,16,0,36.24,1.0388,0,0
149,150,2,17,0,35.09,2.6103,0,1
149,150,2,18,0,36.74,1.8862,1,0
149,150,2,19,0,34.42,1.8962,1,1
149,150,2,20,0,35.12,2.4586,1,1
149,150,2,21,0,32.99,1.3821,1,0
149,150,2,22,0,32.47,1.4572,0,0
149,150,2,23,0,31.17,1.2699,0,0
150,151,3,0,0,30.23,0.5083,0,0
150,151,3,1,0,28.0,0.1341,0,0
150,151,3,2,0,26.09,0.1795,0,0
150,151,3,3,0,27.22,0.1475,0,0
150,151,3,4,0,25.19,0.1778,0,0
150,151,3,5,0,27.38,0.28,0,0
150,151,3,6,0,25.96,0.8404,0,0
150,151,3,7,0,31.39,1.5373,0,0
150,151,3,8,0,29.86,0.5735,0,0
150,151,3,9,0,32.42,0.5441,0,0
150,151,3,10,0,33.27,0.6822,0,0
150,151,3,11,0,35.27,1.7375,0,1
150,151,3,12,0,36.48,1.1286,0,0
150,151,3,13,0,37.24,0.9876,0,0
150,151,3,14,0,37.35,0.9977,0,0
150,151,3,15,0,38.91,1.1315,0,0
150,151,3,16,0,37.43,1.0012,0,0
150,151,3,17,0,37.12,1.936,0,1
150,151,3,18,0,35.71,2.0569,1,1
150,151,3,19,0,35.21,1.5592,1,0
150,151,3,20,0,34.72,1.6098,1,0
150,151,3,21,0,32.73,1.369,1,0
150,151,3,22,0,31.57,1.4067,0,0
150,151,3,23,0,29.32,0.9485,0,0
151,152,4,0,0,29.89,0.413,0,0
151,152,4,1,0,25.77,0.136,0,0
151,152,4,2,0,27.21,0.157,0,0
151,152,4,3,0,26.27,0.1732,0,0
151,152,4,4,0,26.54,0.1684,0,0
151,152,4,5,0,27.14,0.3339,0,0
151,152,4,6,0,29.94,1.1718,0,0
151,152,4,7,0,28.19,0.9718,0,0
151,152,4,8,0,30.09,0.5807,0,0
151,152,4,9,0,34.22,0.8266,0,0
151,152,4,10,0,32.34,0.6328,0,0
151,152,4,11,0,37.16,0.898,0,0
151,152,4,12,0,34.86,0.8105,0,0
151,152,4,13,0,36.64,0.9089,0,0
151,152,4,14,0,35.26,0.9882,0,0
151,152,4,15,0,36.84,0.913,0,0
151,152,4,16,0,36.02,0.9242,0,0
151,152,4,17,0,35.99,1.8351,0,1
151,152,4,18,0,36.4,1.8149,1,0
151,152,4,19,0,35.58,2.7267,1,1
151,152,4,20,0,35.56,2.0657,1,1
151,152,4,21,0,32.04,1.5617,1,0
151,152,4,22,0,33.67,1.5779,0,0
151,152,4,23,0,30.05,0.986,0,0
152,153,5,0,1,28.49,0.1644,0,0
152,153,5,1,1,26.91,0.1413,0,0
152,153,5,2,1,27.34,0.1711,0,0
152,153,5,3,1,25.95,0.1568,0,0
152,153,5,4,1,26.71,0.1712,0,0
152,153,5,5,1,27.26,0.2726,0,0
152,153,5,6,1,29.73,1.1237,0,0
152,153,5,7,1,30.53,0.7353,0,0
152,153,5,8,1,31.37,0.7923,0,0
152,153,5,9,1,31.33,0.8421,0,0
152,153,5,10,1,33.63,1.087,0,0
152,153,5,11,1,35.33,1.5194,0,0
152,153,5,12,1,35.08,1.4886,0,0
152,153,5,13,1,37.72,3.1056,0,1
152,153,5,14,1,37.1,1.7561,0,0
152,153,5,15,1,38.15,1.5994,0,0
152,153,5,16,1,37.98,2.7543,0,1
152,153,5,17,1,37.94,1.8063,0,0
152,153,5,18,1,37.02,1.7014,1,0
152,153,5,19,1,33.79,1.9473,1,0
152,153,5,20,1,34.64,2.2746,1,1
152,153,5,21,1,34.01,1.8951,1,0
152,153,5,22,1,29.72,1.2019,0,0
152,153,5,23,1,29.65,1.1941,0,0
153,154,6,0,1,28.04,0.1855,0,0
153,154,6,1,1,27.78,0.1363,0,0
153,154,6,2,1,27.59,0.1336,0,0
153,154,6,3,1,28.3,0.147,0,0
153,154,6,4,1,28.85,0.1691,0,0
153,154,6,5,1,27.58,0.1894,0,0
153,154,6,6,1,27.76,0.7083,0,0
153,154,6,7,1,29.13,1.0294,0,0
153,154,6,8,1,29.96,0.5955,0,0
153,154,6,9,1,33.76,1.2517,0,0
153,154,6,10,1,35.51,1.6797,0,0
153,154,6,11,1,35.32,1.4169,0,0
153,154,6,12,1,35.81,2.5251,0,1
153,154,6,13,1,37.41,1.6233,0,0
153,154,6,14,1,36.74,1.4503,0,0
153,154,6,15,1,40.5,1.7347,0,0
153,154,6,16,1,38.16,1.4627,0,0
153,154,6,17,1,37.08,2.2565,0,1
153,154,6,18,1,36.22,1.9548,1,0
153,154,6,19,1,33.89,1.9648,1,1
153,154,6,20,1,32.43,1.5573,1,0
153,154,6,21,1,33.08,1.337,1,0
153,154,6,22,1,29.7,1.008,0,0
153,154,6,23,1,29.46,0.8795,0,0
154,155,0,0,0,28.39,0.1596,0,0
154,155,0,1,0,27.4,0.1473,0,0
154,155,0,2,0,28.81,0.1434,0,0
154,155,0,3,0,26.98,0.1415,0,0
154,155,0,4,0,27.94,0.1692,0,0
154,155,0,5,0,28.24,0.3051,0,0
154,155,0,6,0,26.64,1.0174,0,0
154,155,0,7,0,29.53,1.3612,0,0
154,155,0,8,0,30.44,0.6954,0,0
154,155,0,9,0,32.48,0.7531,0,0
154,155,0,10,0,34.55,0.8294,0,0
154,155,0,11,0,36.26,1.6251,0,0
154,155,0,12,0,35.72,0.8237,0,0
154,155,0,13,0,38.59,0.9691,0,0
154,155,0,14,0,37.44,1.0472,0,0
154,155,0,15,0,37.95,1.2257,0,0
154,155,0,16,0,37.14,1.0667,0,0
154,155,0,17,0,37.42,1.7941,0,0
154,155,0,18,0,37.2,2.0741,1,1
154,155,0,19,0,32.7,1.966,1,1
154,155,0,20,0,32.7,2.0363,1,1
154,155,0,21,0,32.83,1.4291,1,0
154,155,0,22,0,30.21,0.9485,0,0
154,155,0,23,0,30.8,0.9564,0,0
155,156,1,0,0,27.8,0.1561,0,0
155,156,1,1,0,28.18,0.1752,0,0
155,156,1,2,0,29.43,0.357,0,0
155,156,1,3,0,28.05,0.1661,0,0
155,156,1,4,0,26.19,0.1213,0,0
155,156,1,5,0,27.3,0.3243,0,0
155,156,1,6,0,28.44,0.9894,0,0
155,156,1,7,0,30.77,1.5163,0,0
155,156,1,8,0,32.67,1.1593,0,0
155,156,1,9,0,32.83,0.6711,0,0
155,156,1,10,0,33.99,1.6527,0,0
155,156,1,11,0,37.15,0.9866,0,0
155,156,1,12,0,36.94,0.811,0,0
155,156,1,13,0,36.95,1.7717,0,0
155,156,1,14,0,37.95,1.0215,0,0
155,156,1,15,0,38.2,1.0044,0,0
155,156,1,16,0,36.7,1.1118,0,0
155,156,1,17,0,37.21,1.4063,0,0
155,156,1,18,0,36.8,1.9903,1,1
155,156,1,19,0,35.46,1.8814,1,1
155,156,1,20,0,33.4,2.0593,1,1
155,156,1,21,0,32.2,1.4387,1,0
155,156,1,22,0,31.92,1.1481,0,0
155,156,1,23,0,29.37,1.0322,0,0
156,157,2,0,0,29.73,0.4094,0,0
156,157,2,1,0,28.9,0.1257,0,0
156,157,2,2,0,26.63,0.1683,0,0
156,157,2,3,0,27.87,0.1836,0,0
156,157,2,4,0,29.88,0.4464,0,0
156,157,2,5,0,29.55,0.5859,0,0
156,157,2,6,0,29.9,1.3571,0,0
156,157,2,7,0,31.76,0.9734,0,0
156,157,2,8,0,29.87,0.5781,0,0
156,157,2,9,0,34.03,0.8,0,0
156,157,2,10,0,34.52,0.8534,0,0
156,157,2,11,0,34.62,0.7498,0,0
156,157,2,12,0,35.3,0.9127,0,0
156,157,2,13,0,38.66,0.9234,0,0
156,157,2,14,0,38.13,0.8931,0,0
156,157,2,15,0,36.98,1.015,0,0
156,157,2,16,0,38.35,1.0568,0,0
156,157,2,17,0,37.39,1.793,0,0
156,157,2,18,0,36.79,2.1043,1,1
156,157,2,19,0,35.74,2.6111,1,1
156,157,2,20,0,34.55,2.376,1,1
156,157,2,21,0,32.47,1.3586,1,0
156,157,2,22,0,32.51,1.466,0,0
156,157,2,23,0,32.7,1.5011,0,0
157,158,3,0,0,29.65,0.3874,0,0
157,158,3,1,0,29.74,0.4019,0,0
157,158,3,2,0,28.92,0.1785,0,0
157,158,3,3,0,26.27,0.1493,0,0
157,158,3,4,0,29.16,0.321,0,0
157,158,3,5,0,26.04,0.2525,0,0
157,158,3,6,0,29.55,0.5349,0,0
157,158,3,7,0,30.16,1.4205,0,0
157,158,3,8,0,30.83,0.91,0,0
157,158,3,9,0,31.92,1.8306,0,1
157,158,3,10,0,33.97,0.7196,0,0
157,158,3,11,0,35.81,1.0501,0,0
157,158,3,12,0,35.79,0.9682,0,0
157,158,3,13,0,37.66,1.0486,0,0
157,158,3,14,0,38.97,1.0209,0,0
157,158,3,15,0,40.34,0.9824,0,0
157,158,3,16,0,37.73,0.9557,0,0
157,158,3,17,0,38.11,1.6463,0,0
157,158,3,18,0,37.29,1.7746,1,0
157,158,3,19,0,36.74,2.0731,1,1
157,158,3,20,0,34.53,1.9346,1,1
157,158,3,21,0,33.15,1.5881,1,0
157,158,3,22,0,29.99,0.924,0,0
157,158,3,23,0,30.17,0.9981,0,0
158,159,4,0,0,28.83,0.1569,0,0
158,159,4,1,0,26.91,0.1538,0,0
158,159,4,2,0,26.4,0.1704,0,0
158,159,4,3,0,28.87,0.167,0,0
158,159,4,4,0,27.44,0.1617,0,0
158,159,4,5,0,27.45,0.2972,0,0
158,159,4,6,0,29.1,1.3147,0,0
158,159,4,7,0,31.97,1.755,0,0
158,159,4,8,0,31.77,1.0269,0,0
158,159,4,9,0,33.38,0.6784,0,0
158,159,4,10,0,34.49,0.8633,0,0
158,159,4,11,0,35.1,0.8526,0,0
158,159,4,12,0,36.6,1.0404,0,0
158,159,4,13,0,38.51,0.8756,0,0
158,159,4,14,0,40.2,1.0413,0,0
158,159,4,15,0,37.37,1.1236,0,0
158,159,4,16,0,39.77,0.9285,0,0
158,159,4,17,0,37.1,1.937,0,1
158,159,4,18,0,37.86,1.9045,1,0
158,159,4,19,0,34.9,1.9592,1,1
158,159,4,20,0,35.75,2.3119,1,1
158,159,4,21,0,35.11,1.7797,1,0
158,159,4,22,0,32.07,1.3929,0,0
158,159,4,23,0,30.63,1.2704,0,0
159,160,5,0,1,28.36,0.1269,0,0
159,160,5,1,1,28.62,0.1569,0,0
159,160,5,2,1,28.02,0.1767,0,0
159,160,5,3,1,27.16,0.1315,0,0
159,160,5,4,1,27.46,0.1622,0,0
159,160,5,5,1,29.35,0.5272,0,0
159,160,5,6,1,29.31,1.27,0,0
159,160,5,7,1,31.21,1.3136,0,0
159,160,5,8,1,31.33,0.8215,0,0
159,160,5,9,1,33.66,1.2572,0,0
159,160,5,10,1,36.16,1.6379,0,0
159,160,5,11,1,34.99,2.3964,0,0
159,160,5,12,1,37.75,1.7557,0,0
159,160,5,13,1,39.66,1.8225,0,0
159,160,5,14,1,39.75,1.4944,0,0
159,160,5,15,1,38.84,1.5754,0,0
159,160,5,16,1,39.08,1.7172,0,0
159,160,5,17,1,38.96,3.0357,0,1
159,160,5,18,1,37.54,1.7301,1,0
159,160,5,19,1,36.37,2.5547,1,1
159,160,5,20,1,36.06,2.6045,1,1
159,160,5,21,1,33.44,1.6684,1,0
159,160,5,22,1,30.62,1.036,0,0
159,160,5,23,1,29.1,0.7709,0,0
160,161,6,0,1,29.05,0.3381,0,0
160,161,6,1,1,29.09,0.3891,0,0
160,161,6,2,1,29.84,0.4494,0,0
160,161,6,3,1,28.13,0.1433,0,0
160,161,6,4,1,28.02,0.1741,0,0
160,161,6,5,1,30.5,0.641,0,0
160,161,6,6,1,32.24,1.629,0,0
160,161,6,7,1,30.49,1.2236,0,0
160,161,6,8,1,31.7,1.0261,0,0
160,161,6,9,1,32.78,1.2578,0,0
160,161,6,10,1,36.41,1.6165,0,0
160,161,6,11,1,37.56,1.6949,0,0
160,161,6,12,1,36.05,2.1997,0,1
160,161,6,13,1,37.68,1.5912,0,0
160,161,6,14,1,40.77,1.8378,0,0
160,161,6,15,1,39.16,2.6432,0,1
160,161,6,16,1,37.66,1.7201,0,0
160,161,6,17,1,38.02,1.7426,0,0
160,161,6,18,1,37.69,2.1054,1,1
160,161,6,19,1,37.96,2.0457,1,0
160,161,6,20,1,36.5,1.9773,1,0
160,161,6,21,1,33.95,1.622,1,0
160,161,6,22,1,32.15,1.3731,0,0
160,161,6,23,1,29.37,1.0568,0,0
161,162,0,0,0,29.1,0.3623,0,0
161,162,0,1,0,27.72,0.1325,0,0
161,162,0,2,0,28.92,0.1688,0,0
161,162,0,3,0,30.03,0.5022,0,0
161,162,0,4,0,26.58,0.1676,0,0
161,162,0,5,0,30.31,0.5618,0,0
161,162,0,6,0,29.35,0.9731,0,0
161,162,0,7,0,30.26,1.2273,0,0
161,162,0,8,0,30.53,0.7034,0,0
161,162,0,9,0,33.38,0.7545,0,0
161,162,0,10,0,34.87,0.7866,0,0
161,162,0,11,0,35.34,1.0189,0,0
161,162,0,12,0,38.74,0.9223,0,0
161,162,0,13,0,38.81,1.0057,0,0
161,162,0,14,0,40.28,1.5443,0,0
161,162,0,15,0,39.57,1.0052,0,0
161,162,0,16,0,39.62,1.8241,0,0
161,162,0,17,0,37.53,1.7843,0,0
161,162,0,18,0,38.24,2.1085,1,1
161,162,0,19,0,34.72,2.2331,1,1
161,162,0,20,0,35.49,2.3325,1,1
161,162,0,21,0,33.91,1.7362,1,0
161,162,0,22,0,31.89,1.2922,0,0
161,162,0,23,0,31.63,1.3093,0,0
162,163,1,0,0,29.75,0.3916,0,0
162,163,1,1,0,30.51,0.5401,0,0
162,163,1,2,0,29.31,0.4089,0,0
162,163,1,3,0,28.38,0.1442,0,0
162,163,1,4,0,29.34,0.3564,0,0
162,163,1,5,0,26.63,0.2899,0,0
162,163,1,6,0,29.27,1.3627,0,0
162,163,1,7,0,30.87,0.8983,0,0
162,163,1,8,0,32.94,1.1277,0,0
162,163,1,9,0,33.34,1.8071,0,0
162,163,1,10,0,34.95,0.8822,0,0
162,163,1,11,0,36.39,0.994,0,0
162,163,1,12,0,38.59,0.9774,0,0
162,163,1,13,0,39.19,1.0619,0,0
162,163,1,14,0,38.39,0.9969,0,0
162,163,1,15,0,39.87,1.0619,0,0
162,163,1,16,0,38.26,0.9407,0,0
162,163,1,17,0,39.06,1.5601,0,0
162,163,1,18,0,39.94,2.2622,1,1
162,163,1,19,0,35.89,2.5332,1,1
162,163,1,20,0,34.61,1.7816,1,0
162,163,1,21,0,34.94,2.0374,1,1
162,163,1,22,0,31.75,1.1644,0,0
162,163,1,23,0,30.92,1.1117,0,0
163,164,2,0,0,29.38,0.3706,0,0
163,164,2,1,0,31.35,0.6445,0,0
163,164,2,2,0,28.96,0.1561,0,0
163,164,2,3,0,28.4,0.1761,0,0
163,164,2,4,0,27.1,0.123,0,0
163,164,2,5,0,30.75,0.6726,0,0
163,164,2,6,0,28.73,0.8681,0,0
163,164,2,7,0,30.06,1.2516,0,0
163,164,2,8,0,31.31,0.9816,0,0
163,164,2,9,0,33.31,0.613,0,0
163,164,2,10,0,35.01,0.842,0,0
163,164,2,11,0,36.79,0.9129,0,0
163,164,2,12,0,39.78,0.9623,0,0
163,164,2,13,0,40.4,0.9077,0,0
163,164,2,14,0,38.9,1.0688,0,0
163,164,2,15,0,38.93,1.1541,0,0
163,164,2,16,0,39.92,0.8593,0,0
163,164,2,17,0,39.49,1.5536,0,0
163,164,2,18,0,37.05,1.8017,1,1
163,164,2,19,0,36.27,2.1122,1,1
163,164,2,20,0,35.34,1.9239,1,1
163,164,2,21,0,33.11,1.5883,1,0
163,164,2,22,0,30.97,0.9125,0,0
163,164,2,23,0,31.37,1.1201,0,0
164,165,3,0,0,29.79,0.5213,0,0
164,165,3,1,0,27.41,0.1339,0,0
164,165,3,2,0,30.11,0.4008,0,0
164,165,3,3,0,28.62,0.1526,0,0
164,165,3,4,0,30.53,0.4757,0,0
164,165,3,5,0,27.48,0.1811,0,0
164,165,3,6,0,31.29,1.569,0,0
164,165,3,7,0,30.81,1.3454,0,0
164,165,3,8,0,34.04,1.2889,0,0
164,165,3,9,0,33.7,0.8101,0,0
164,165,3,10,0,36.69,1.0117,0,0
164,165,3,11,0,36.78,0.8846,0,0
164,165,3,12,0,35.91,0.9936,0,0
164,165,3,13,0,38.25,0.924,0,0
164,165,3,14,0,37.96,0.9568,0,0
164,165,3,15,0,39.27,1.0395,0,0
164,165,3,16,0,39.58,1.1098,0,0
164,165,3,17,0,37.53,1.8635,0,1
164,165,3,18,0,37.58,2.017,1,1
164,165,3,19,0,36.75,2.3658,1,1
164,165,3,20,0,35.69,1.8272,1,0
164,165,3,21,0,33.82,1.7583,1,0
164,165,3,22,0,32.07,1.4344,0,0
164,165,3,23,0,30.13,1.1094,0,0
165,166,4,0,0,28.24,0.1664,0,0
165,166,4,1,0,29.31,0.3545,0,0
165,166,4,2,0,27.61,0.1728,0,0
165,166,4,3,0,27.97,0.1239,0,0
165,166,4,4,0,28.85,0.1433,0,0
165,166,4,5,0,29.1,0.4203,0,0
165,166,4,6,0,29.67,0.6218,0,0
165,166,4,7,0,30.49,1.282,0,0
165,166,4,8,0,32.85,1.126,0,0
165,166,4,9,0,32.51,0.6219,0,0
165,166,4,10,0,36.35,1.0189,0,0
165,166,4,11,0,35.72,0.9927,0,0
165,166,4,12,0,38.31,1.1134,0,0
165,166,4,13,0,40.97,0.9261,0,0
165,166,4,14,0,40.68,2.0642,0,1
165,166,4,15,0,39.27,0.9793,0,0
165,166,4,16,0,40.66,0.9546,0,0
165,166,4,17,0,38.25,1.7129,0,0
165,166,4,18,0,36.1,1.7904,1,1
165,166,4,19,0,36.83,2.2862,1,1
165,166,4,20,0,33.22,1.6977,1,0
165,166,4,21,0,32.12,1.4057,1,0
165,166,4,22,0,33.96,1.6775,0,0
165,166,4,23,0,32.1,1.2037,0,0
166,167,5,0,1,31.78,0.5895,0,0
166,167,5,1,1,30.23,0.5386,0,0
166,167,5,2,1,30.04,0.4235,0,0
166,167,5,3,1,29.61,0.4439,0,0
166,167,5,4,1,29.8,0.5003,0,0
166,167,5,5,1,27.45,0.3811,0,0
166,167,5,6,1,31.58,1.4581,0,0
166,167,5,7,1,33.82,1.8092,0,0
166,167,5,8,1,32.64,1.0147,0,0
166,167,5,9,1,35.12,1.412,0,0
166,167,5,10,1,34.88,1.3748,0,0
166,167,5,11,1,36.64,1.7269,0,0
166,167,5,12,1,37.64,1.507,0,0
166,167,5,13,1,39.21,1.6559,0,0
166,167,5,14,1,39.31,1.9067,0,0
166,167,5,15,1,39.71,2.6042,0,1
166,167,5,16,1,38.3,1.8807,0,0
166,167,5,17,1,39.16,2.5837,0,1
166,167,5,18,1,36.89,2.1491,1,0
166,167,5,19,1,36.47,2.2381,1,1
166,167,5,20,1,35.95,1.9211,1,0
166,167,5,21,1,32.13,1.2394,1,0
166,167,5,22,1,33.35,1.3892,0,0
166,167,5,23,1,30.56,1.0228,0,0
167,168,6,0,1,29.65,0.4497,0,0
167,168,6,1,1,28.56,0.1761,0,0
167,168,6,2,1,27.72,0.1619,0,0
167,168,6,3,1,27.62,0.1438,0,0
167,168,6,4,1,31.19,0.5583,0,0
167,168,6,5,1,30.9,0.6387,0,0
167,168,6,6,1,30.68,1.4653,0,0
167,168,6,7,1,31.39,1.6889,0,0
167,168,6,8,1,33.12,1.2044,0,0
167,168,6,9,1,33.64,2.265,0,1
167,168,6,10,1,36.04,1.7565,0,0
167,168,6,11,1,36.75,1.7237,0,0
167,168,6,12,1,38.03,1.5058,0,0
167,168,6,13,1,40.14,2.0058,0,0
167,168,6,14,1,39.41,1.9746,0,0
167,168,6,15,1,40.21,1.8039,0,0
167,168,6,16,1,38.11,1.6337,0,0
167,168,6,17,1,38.19,1.9163,0,0
167,168,6,18,1,36.51,2.1621,1,0
167,168,6,19,1,37.72,2.4864,1,1
167,168,6,20,1,35.0,2.3548,1,1
167,168,6,21,1,33.73,1.6466,1,0
167,168,6,22,1,34.26,1.7248,0,0
167,168,6,23,1,30.35,0.9632,0,0
168,169,0,0,0,29.17,0.4141,0,0
168,169,0,1,0,27.95,0.1907,0,0
168,169,0,2,0,29.31,0.3655,0,0
168,169,0,3,0,27.27,0.1807,0,0
168,169,0,4,0,31.13,0.6277,0,0
168,169,0,5,0,29.59,0.5852,0,0
168,169,0,6,0,27.25,0.9173,0,0
168,169,0,7,0,31.38,1.4101,0,0
168,169,0,8,0,34.55,1.0534,0,0
168,169,0,9,0,35.51,1.8614,0,0
168,169,0,10,0,37.02,0.9591,0,0
168,169,0,11,0,38.16,1.0735,0,0
168,169,0,12,0,37.21,1.0225,0,0
168,169,0,13,0,38.31,1.1463,0,0
168,169,0,14,0,39.77,1.0359,0,0
168,169,0,15,0,39.79,0.9904,0,0
168,169,0,16,0,39.19,0.8856,0,0
168,169,0,17,0,36.98,3.075,0,1
168,169,0,18,0,39.43,2.2579,1,1
168,169,0,19,0,37.31,2.1511,1,1
168,169,0,20,0,35.41,2.1485,1,0
168,169,0,21,0,36.16,1.8746,1,0
168,169,0,22,0,34.62,1.8414,0,0
168,169,0,23,0,30.52,1.0563,0,0
169,170,1,0,0,29.26,0.377,0,0
169,170,1,1,0,29.18,0.3921,0,0
169,170,1,2,0,30.07,0.4405,0,0
169,170,1,3,0,28.56,0.1222,0,0
169,170,1,4,0,29.29,0.3375,0,0
169,170,1,5,0,28.91,0.3699,0,0
169,170,1,6,0,30.91,0.8042,0,0
169,170,1,7,0,31.89,1.7836,0,0
169,170,1,8,0,32.22,1.0241,0,0
169,170,1,9,0,33.35,0.7441,0,0
169,170,1,10,0,36.14,0.8275,0,0
169,170,1,11,0,37.47,1.02,0,0
169,170,1,12,0,37.16,1.0931,0,0
169,170,1,13,0,37.62,0.9101,0,0
169,170,1,14,0,37.9,0.8717,0,0
169,170,1,15,0,39.77,0.9796,0,0
169,170,1,16,0,40.05,0.969,0,0
169,170,1,17,0,39.58,1.6676,0,0
169,170,1,18,0,39.71,2.1714,1,1
169,170,1,19,0,37.81,2.3621,1,1
169,170,1,20,0,37.65,2.2237,1,1
169,170,1,21,0,33.14,1.4143,1,0
169,170,1,22,0,32.55,1.5781,0,0
169,170,1,23,0,30.45,1.0786,0,0
170,171,2,0,0,31.89,0.7563,0,0
170,171,2,1,0,29.58,0.3872,0,0
170,171,2,2,0,28.4,0.1787,0,0
170,171,2,3,0,31.96,0.6839,0,0
170,171,2,4,0,30.16,0.4321,0,0
170,171,2,5,0,29.38,0.5554,0,0
170,171,2,6,0,31.45,1.3133,0,0
170,171,2,7,0,29.8,0.6589,0,0
170,171,2,8,0,32.22,1.0027,0,0
170,171,2,9,0,34.27,0.756,0,0
170,171,2,10,0,36.26,0.9502,0,0
170,171,2,11,0,37.07,0.9958,0,0
170,171,2,12,0,38.32,1.0966,0,0
170,171,2,13,0,37.68,0.942,0,0
170,171,2,14,0,40.76,1.1202,0,0
170,171,2,15,0,40.36,0.9941,0,0
170,171,2,16,0,40.8,0.8691,0,0
170,171,2,17,0,41.04,1.758,0,0
170,171,2,18,0,39.77,1.705,1,0
170,171,2,19,0,38.34,2.1492,1,1
170,171,2,20,0,34.42,1.8662,1,1
170,171,2,21,0,34.19,1.4421,1,0
170,171,2,22,0,33.69,1.8829,0,1
170,171,2,23,0,32.21,1.5087,0,0
171,172,3,0,0,29.65,0.5005,0,0
171,172,3,1,0,30.01,0.4495,0,0
171,172,3,2,0,30.2,0.5053,0,0
171,172,3,3,0,28.54,0.1496,0,0
171,172,3,4,0,30.5,0.577,0,0
171,172,3,5,0,29.41,0.5503,0,0
171,172,3,6,0,30.54,1.3705,0,0
171,172,3,7,0,32.59,1.6183,0,0
171,172,3,8,0,33.5,1.2381,0,0
171,172,3,9,0,34.16,0.6598,0,0
171,172,3,10,0,36.65,1.1297,0,0
171,172,3,11,0,37.9,1.0595,0,0
171,172,3,12,0,36.66,1.093,0,0
171,172,3,13,0,39.62,1.1114,0,0
171,172,3,14,0,37.62,1.0731,0,0
171,172,3,15,0,40.5,1.1083,0,0
171,172,3,16,0,39.82,1.0683,0,0
171,172,3,17,0,40.78,1.6275,0,0
171,172,3,18,0,37.26,2.1744,1,1
171,172,3,19,0,38.05,1.9312,1,1
171,172,3,20,0,34.76,2.4655,1,1
171,172,3,21,0,35.0,1.5668,1,0
171,172,3,22,0,32.01,1.4323,0,0
171,172,3,23,0,30.3,1.0336,0,0
172,173,4,0,0,30.77,0.6602,0,0
172,173,4,1,0,31.66,0.6819,0,0
172,173,4,2,0,31.59,0.5533,0,0
172,173,4,3,0,29.48,0.4296,0,0
172,173,4,4,0,30.03,0.4663,0,0
172,173,4,5,0,29.16,0.475,0,0
172,173,4,6,0,29.12,1.2761,0,0
172,173,4,7,0,31.01,0.7763,0,0
172,173,4,8,0,32.15,0.8121,0,0
172,173,4,9,0,34.75,0.9178,0,0
172,173,4,10,0,35.55,1.0316,0,0
172,173,4,11,0,38.51,0.917,0,0
172,173,4,12,0,36.76,1.1415,0,0
172,173,4,13,0,38.55,1.9943,0,1
172,173,4,14,0,40.73,1.047,0,0
172,173,4,15,0,39.93,1.0354,0,0
172,173,4,16,0,39.57,1.0066,0,0
172,173,4,17,0,38.39,1.8608,0,0
172,173,4,18,0,39.5,2.2911,1,1
172,173,4,19,0,38.52,1.8126,1,0
172,173,4,20,0,38.25,2.6947,1,1
172,173,4,21,0,34.35,1.7638,1,0
172,173,4,22,0,35.42,1.7242,0,0
172,173,4,23,0,32.96,1.3619,0,0
173,174,5,0,1,29.79,0.4312,0,0
173,174,5,1,1,29.95,0.45,0,0
173,174,5,2,1,30.51,0.5126,0,0
173,174,5,3,1,30.53,0.5707,0,0
173,174,5,4,1,29.97,0.5073,0,0
173,174,5,5,1,29.64,0.4503,0,0
173,174,5,6,1,31.47,1.5416,0,0
173,174,5,7,1,31.29,1.5938,0,0
173,174,5,8,1,33.24,1.3014,0,0
173,174,5,9,1,34.31,1.3162,0,0
173,174,5,10,1,34.23,1.2712,0,0
173,174,5,11,1,35.95,1.5701,0,0
173,174,5,12,1,39.83,2.0125,0,0
173,174,5,13,1,41.09,1.7763,0,0
173,174,5,14,1,41.25,2.8535,0,1
173,174,5,15,1,38.15,1.9884,0,0
173,174,5,16,1,40.03,2.8934,0,1
173,174,5,17,1,37.71,1.5457,0,0
173,174,5,18,1,38.02,2.1171,1,0
173,174,5,19,1,37.07,2.5504,1,1
173,174,5,20,1,35.07,2.3752,1,0
173,174,5,21,1,36.09,1.9149,1,0
173,174,5,22,1,30.83,1.2586,0,0
173,174,5,23,1,31.64,1.3281,0,0
174,175,6,0,1,31.42,0.6904,0,0
174,175,6,1,1,31.6,0.6568,0,0
174,175,6,2,1,30.5,0.5393,0,0
174,175,6,3,1,30.47,0.5859,0,0
174,175,6,4,1,30.32,0.4648,0,0
174,175,6,5,1,30.27,0.6577,0,0
174,175,6,6,1,31.64,1.479,0,0
174,175,6,7,1,32.11,1.5171,0,0
174,175,6,8,1,35.49,1.4893,0,0
174,175,6,9,1,33.51,1.2505,0,0
174,175,6,10,1,36.9,1.7079,0,0
174,175,6,11,1,37.24,1.4635,0,0
174,175,6,12,1,37.84,2.4634,0,1
174,175,6,13,1,41.57,2.446,0,1
174,175,6,14,1,38.46,1.8121,0,0
174,175,6,15,1,39.75,1.8271,0,0
174,175,6,16,1,39.47,1.6385,0,0
174,175,6,17,1,40.9,2.4099,0,1
174,175,6,18,1,39.04,1.6383,1,0
174,175,6,19,1,37.29,2.1482,1,0
174,175,6,20,1,34.75,2.3966,1,0
174,175,6,21,1,33.99,1.2436,1,0
174,175,6,22,1,32.86,1.4351,0,0
174,175,6,23,1,31.12,1.3023,0,0
175,176,0,0,0,30.74,0.549,0,0
175,176,0,1,0,30.2,0.5564,0,0
175,176,0,2,0,29.42,0.3852,0,0
175,176,0,3,0,27.15,0.1604,0,0
175,176,0,4,0,29.18,0.4318,0,0
175,176,0,5,0,29.98,0.5088,0,0
175,176,0,6,0,29.92,0.6434,0,0
175,176,0,7,0,32.95,1.7219,0,0
175,176,0,8,0,31.23,0.7048,0,0
175,176,0,9,0,34.24,0.7312,0,0
175,176,0,10,0,35.47,0.9205,0,0
175,176,0,11,0,38.22,0.8828,0,0
175,176,0,12,0,36.47,1.0521,0,0
175,176,0,13,0,38.81,0.9685,0,0
175,176,0,14,0,40.97,1.1067,0,0
175,176,0,15,0,40.12,1.0581,0,0
175,176,0,16,0,39.15,0.9862,0,0
175,176,0,17,0,40.93,1.6162,0,0
175,176,0,18,0,39.74,2.1188,1,1
175,176,0,19,0,36.67,2.9084,1,1
175,176,0,20,0,36.28,1.9646,1,0
175,176,0,21,0,36.54,2.0805,1,1
175,176,0,22,0,32.4,1.4125,0,0
175,176,0,23,0,32.5,1.2431,0,0
176,177,1,0,0,29.62,0.3977,0,0
176,177,1,1,0,29.27,0.407,0,0
176,177,1,2,0,31.59,0.6186,0,0
176,177,1,3,0,28.8,0.1799,0,0
176,177,1,4,0,30.96,0.597,0,0
176,177,1,5,0,29.93,0.5467,0,0
176,177,1,6,0,30.02,1.3752,0,0
176,177,1,7,0,32.01,1.6445,0,0
176,177,1,8,0,34.43,1.3851,0,0
176,177,1,9,0,34.7,0.8317,0,0
176,177,1,10,0,38.38,0.9673,0,0
176,177,1,11,0,34.35,0.732,0,0
176,177,1,12,0,38.64,1.0911,0,0
176,177,1,13,0,39.04,1.0833,0,0
176,177,1,14,0,40.49,0.8694,0,0
176,177,1,15,0,39.42,1.1628,0,0
176,177,1,16,0,41.37,0.9395,0,0
176,177,1,17,0,38.47,1.8259,0,0
176,177,1,18,0,37.24,2.2546,1,1
176,177,1,19,0,38.89,2.5852,1,1
176,177,1,20,0,36.8,2.5375,1,1
176,177,1,21,0,34.41,1.9446,1,0
176,177,1,22,0,33.51,1.7631,0,0
176,177,1,23,0,31.9,1.2264,0,0
177,178,2,0,0,30.59,0.5419,0,0
177,178,2,1,0,29.92,0.4576,0,0
177,178,2,2,0,30.72,0.552,0,0
177,178,2,3,0,31.41,0.6234,0,0
177,178,2,4,0,30.1,0.3975,0,0
177,178,2,5,0,29.37,0.5889,0,0
177,178,2,6,0,31.52,1.5383,0,0
177,178,2,7,0,31.29,0.8958,0,0
177,178,2,8,0,30.19,0.8034,0,0
177,178,2,9,0,32.58,0.558,0,0
177,178,2,10,0,36.09,0.8784,0,0
177,178,2,11,0,38.17,1.1336,0,0
177,178,2,12,0,38.86,1.0099,0,0
177,178,2,13,0,37.82,0.8781,0,0
177,178,2,14,0,39.31,0.9071,0,0
177,178,2,15,0,38.81,1.0174,0,0
177,178,2,16,0,41.33,0.891,0,0
177,178,2,17,0,40.14,1.9236,0,0
177,178,2,18,0,39.57,1.9715,1,1
177,178,2,19,0,37.91,2.0356,1,1
177,178,2,20,0,38.64,2.7221,1,1
177,178,2,21,0,33.57,1.7265,1,0
177,178,2,22,0,33.78,1.3202,0,0
177,178,2,23,0,32.12,1.3375,0,0
178,179,3,0,0,30.69,0.5847,0,0
178,179,3,1,0,30.01,0.4939,0,0
178,179,3,2,0,30.6,0.5331,0,0
178,179,3,3,0,28.72,0.1456,0,0
178,179,3,4,0,30.9,0.5427,0,0
178,179,3,5,0,28.16,0.2836,0,0
178,179,3,6,0,30.84,1.3427,0,0
178,179,3,7,0,31.53,1.6626,0,0
178,179,3,8,0,32.41,1.0856,0,0
178,179,3,9,0,35.55,0.8589,0,0
178,179,3,10,0,36.43,1.1101,0,0
178,179,3,11,0,39.25,1.0756,0,0
178,179,3,12,0,39.77,1.0403,0,0
178,179,3,13,0,38.14,1.0033,0,0
178,179,3,14,0,40.0,1.1085,0,0
178,179,3,15,0,39.36,1.8231,0,0
178,179,3,16,0,41.45,1.1885,0,0
178,179,3,17,0,40.38,1.5816,0,0
178,179,3,18,0,40.13,1.9745,1,0
178,179,3,19,0,36.85,2.2489,1,1
178,179,3,20,0,36.85,2.381,1,1
178,179,3,21,0,33.87,1.7811,1,0
178,179,3,22,0,35.05,2.0173,0,1
178,179,3,23,0,32.51,1.4168,0,0
179,180,4,0,0,29.74,0.4232,0,0
179,180,4,1,0,30.61,0.5383,0,0
179,180,4,2,0,28.93,0.1173,0,0
179,180,4,3,0,31.22,0.5762,0,0
179,180,4,4,0,30.06,0.4916,0,0
179,180,4,5,0,29.0,0.3952,0,0
179,180,4,6,0,30.24,1.1679,0,0
179,180,4,7,0,32.58,1.7489,0,0
179,180,4,8,0,34.5,1.3997,0,0
179,180,4,9,0,35.82,1.0565,0,0
179,180,4,10,0,38.07,0.9478,0,0
179,180,4,11,0,36.63,1.0825,0,0
179,180,4,12,0,37.99,1.0139,0,0
179,180,4,13,0,41.43,1.1226,0,0
179,180,4,14,0,40.99,1.0258,0,0
179,180,4,15,0,40.57,1.0165,0,0
179,180,4,16,0,40.4,1.0226,0,0
179,180,4,17,0,39.08,1.824,0,0
179,180,4,18,0,41.23,2.1842,1,1
179,180,4,19,0,37.18,2.2717,1,1
179,180,4,20,0,37.23,2.6704,1,1
179,180,4,21,0,36.1,1.9099,1,0
179,180,4,22,0,33.55,1.7357,0,0
179,180,4,23,0,33.27,1.3941,0,0
180,181,5,0,1,30.92,0.5863,0,0
180,181,5,1,1,28.77,0.154,0,0
180,181,5,2,1,31.44,0.6623,0,0
180,181,5,3,1,28.21,0.1378,0,0
180,181,5,4,1,31.73,0.6803,0,0
180,181,5,5,1,31.64,0.7794,0,0
180,181,5,6,1,32.67,1.0731,0,0
180,181,5,7,1,32.41,1.0906,0,0
180,181,5,8,1,34.77,1.5175,0,0
180,181,5,9,1,34.93,1.3809,0,0
180,181,5,10,1,37.67,1.3918,0,0
180,181,5,11,1,38.16,1.7873,0,0
180,181,5,12,1,38.91,1.3449,0,0
180,181,5,13,1,40.28,1.9496,0,1
180,181,5,14,1,41.23,1.6902,0,0
180,181,5,15,1,40.93,1.7412,0,0
180,181,5,16,1,39.93,1.7664,0,0
180,181,5,17,1,39.29,1.8801,0,0
180,181,5,18,1,39.13,1.9482,1,0
180,181,5,19,1,36.24,2.119,1,1
180,181,5,20,1,36.94,2.3639,1,1
180,181,5,21,1,35.12,1.7773,1,0
180,181,5,22,1,34.57,1.6548,0,0
180,181,5,23,1,32.29,1.3101,0,0
181,182,6,0,1,29.57,0.4266,0,0
181,182,6,1,1,31.34,0.634,0,0
181,182,6,2,1,31.68,0.6363,0,0
181,182,6,3,1,30.2,0.4347,0,0
181,182,6,4,1,29.48,0.4637,0,0
181,182,6,5,1,31.74,0.7975,0,0
181,182,6,6,1,30.52,1.3136,0,0
181,182,6,7,1,30.1,1.3961,0,0
181,182,6,8,1,31.95,0.8886,0,0
181,182,6,9,1,36.04,1.4829,0,0
181,182,6,10,1,38.72,1.5614,0,0
181,182,6,11,1,38.2,2.5358,0,1
181,182,6,12,1,36.2,1.2525,0,0
181,182,6,13,1,39.62,2.6503,0,1
181,182,6,14,1,38.86,1.8967,0,0
181,182,6,15,1,40.43,1.5947,0,0
181,182,6,16,1,42.37,1.7449,0,0
181,182,6,17,1,42.02,1.9189,0,0
181,182,6,18,1,39.63,2.0468,1,1
181,182,6,19,1,38.74,1.8616,1,0
181,182,6,20,1,36.61,1.8474,1,0
181,182,6,21,1,33.41,1.508,1,0
181,182,6,22,1,33.92,1.8009,0,0
181,182,6,23,1,32.9,1.4252,0,0
182,183,0,0,0,31.35,0.6453,0,0
182,183,0,1,0,29.01,0.3603,0,0
182,183,0,2,0,29.85,0.4854,0,0
182,183,0,3,0,29.83,0.4149,0,0
182,183,0,4,0,29.9,0.4471,0,0
182,183,0,5,0,29.09,0.3818,0,0
182,183,0,6,0,32.28,1.6235,0,0
182,183,0,7,0,30.02,1.308,0,0
182,183,0,8,0,33.2,1.0786,0,0
182,183,0,9,0,34.61,1.0068,0,0
182,183,0,10,0,38.32,1.0806,0,0
182,183,0,11,0,35.23,0.7914,0,0
182,183,0,12,0,37.7,0.9675,0,0
182,183,0,13,0,40.5,1.1241,0,0
182,183,0,14,0,38.99,1.1252,0,0
182,183,0,15,0,41.02,0.9916,0,0
182,183,0,16,0,40.71,0.9775,0,0
182,183,0,17,0,40.61,2.7001,0,1
182,183,0,18,0,40.46,2.065,1,1
182,183,0,19,0,38.06,1.8926,1,1
182,183,0,20,0,36.56,1.8253,1,0
182,183,0,21,0,34.78,1.8611,1,0
182,183,0,22,0,32.96,1.4098,0,0
182,183,0,23,0,32.4,1.4763,0,0
183,184,1,0,0,32.16,0.7837,0,0
183,184,1,1,0,28.24,0.1519,0,0
183,184,1,2,0,31.94,0.6885,0,0
183,184,1,3,0,29.67,0.4019,0,0
183,184,1,4,0,27.62,0.1543,0,0
183,184,1,5,0,30.8,0.7803,0,0
183,184,1,6,0,30.22,1.4388,0,0
183,184,1,7,0,32.02,1.5076,0,0
183,184,1,8,0,34.84,1.4112,0,0
183,184,1,9,0,34.4,0.7525,0,0
183,184,1,10,0,36.99,0.8735,0,0
183,184,1,11,0,37.22,0.8955,0,0
183,184,1,12,0,38.06,0.9601,0,0
183,184,1,13,0,41.98,0.9845,0,0
183,184,1,14,0,39.51,0.9978,0,0
183,184,1,15,0,39.07,0.9235,0,0
183,184,1,16,0,40.6,1.0174,0,0
183,184,1,17,0,41.07,1.7376,0,0
183,184,1,18,0,36.94,1.6838,1,0
183,184,1,19,0,37.74,1.9364,1,1
183,184,1,20,0,37.98,2.3975,1,1
183,184,1,21,0,34.72,1.7797,1,1
183,184,1,22,0,33.57,1.5218,0,0
183,184,1,23,0,32.42,1.3079,0,0
184,185,2,0,0,32.14,0.6608,0,0
184,185,2,1,0,31.75,0.6437,0,0
184,185,2,2,0,30.6,0.5318,0,0
184,185,2,3,0,27.73,0.1455,0,0
184,185,2,4,0,30.17,0.4822,0,0
184,185,2,5,0,28.85,0.2873,0,0
184,185,2,6,0,29.58,0.6896,0,0
184,185,2,7,0,31.62,1.5576,0,0
184,185,2,8,0,35.67,1.6759,0,0
184,185,2,9,0,36.64,1.0047,0,0
184,185,2,10,0,36.07,0.8163,0,0
184,185,2,11,0,39.57,1.0658,0,0
184,185,2,12,0,39.42,0.9383,0,0
184,185,2,13,0,40.04,0.8468,0,0
184,185,2,14,0,39.66,0.924,0,0
184,185,2,15,0,42.13,0.9885,0,0
184,185,2,16,0,41.17,0.96,0,0
184,185,2,17,0,40.12,1.7124,0,0
184,185,2,18,0,38.81,1.8018,1,0
184,185,2,19,0,37.77,2.1292,1,1
184,185,2,20,0,37.83,2.623,1,1
184,185,2,21,0,35.82,1.8095,1,1
184,185,2,22,0,33.5,1.4742,0,0
184,185,2,23,0,32.0,1.5257,0,0
185,186,3,0,0,31.5,0.647,0,0
185,186,3,1,0,29.66,0.3792,0,0
185,186,3,2,0,29.98,0.428,0,0
185,186,3,3,0,31.42,0.6538,0,0
185,186,3,4,0,29.23,0.3272,0,0
185,186,3,5,0,29.42,0.5105,0,0
185,186,3,6,0,32.59,1.752,0,0
185,186,3,7,0,33.31,1.6886,0,0
185,186,3,8,0,32.08,1.1071,0,0
185,186,3,9,0,35.55,1.0812,0,0
185,186,3,10,0,37.65,0.8616,0,0
185,186,3,11,0,37.36,0.9647,0,0
185,186,3,12,0,38.73,1.0203,0,0
185,186,3,13,0,40.73,0.9593,0,0
185,186,3,14,0,38.77,1.0354,0,0
185,186,3,15,0,39.83,1.0009,0,0
185,186,3,16,0,40.12,1.9807,0,0
185,186,3,17,0,40.85,1.5897,0,0
185,186,3,18,0,42.34,2.1733,1,1
185,186,3,19,0,38.12,2.1058,1,1
185,186,3,20,0,36.59,2.3574,1,1
185,186,3,21,0,33.6,1.387,1,0
185,186,3,22,0,33.8,1.7585,0,0
185,186,3,23,0,31.21,1.133,0,0
186,187,4,0,0,31.11,0.5843,0,0
186,187,4,1,0,29.29,0.3555,0,0
186,187,4,2,0,29.92,0.4529,0,0
186,187,4,3,0,28.88,0.1707,0,0
186,187,4,4,0,30.66,0.5712,0,0
186,187,4,5,0,29.95,0.5451,0,0
186,187,4,6,0,31.16,1.6292,0,0
186,187,4,7,0,32.37,1.021,0,0
186,187,4,8,0,36.48,1.8958,0,0
186,187,4,9,0,35.16,1.0844,0,0
186,187,4,10,0,37.52,1.2228,0,0
186,187,4,11,0,37.65,1.1582,0,0
186,187,4,12,0,38.62,1.1278,0,0
186,187,4,13,0,39.69,1.0713,0,0
186,187,4,14,0,41.35,1.0494,0,0
186,187,4,15,0,41.13,0.9706,0,0
186,187,4,16,0,40.86,0.9003,0,0
186,187,4,17,0,40.51,1.6397,0,0
186,187,4,18,0,39.47,1.9604,1,1
186,187,4,19,0,38.7,2.0028,1,1
186,187,4,20,0,36.59,2.105,1,1
186,187,4,21,0,36.68,1.8777,1,0
186,187,4,22,0,32.78,1.2697,0,0
186,187,4,23,0,34.96,1.7298,0,0
187,188,5,0,1,29.14,0.3853,0,0
187,188,5,1,1,30.24,0.4225,0,0
187,188,5,2,1,28.77,0.1365,0,0
187,188,5,3,1,30.48,0.563,0,0
187,188,5,4,1,28.73,0.1373,0,0
187,188,5,5,1,30.43,0.7637,0,0
187,188,5,6,1,30.78,1.2773,0,0
187,188,5,7,1,33.04,1.1829,0,0
187,188,5,8,1,32.96,0.9747,0,0
187,188,5,9,1,36.5,1.805,0,0
187,188,5,10,1,37.01,1.5569,0,0
187,188,5,11,1,38.5,1.512,0,0
187,188,5,12,1,38.72,1.6951,0,0
187,188,5,13,1,40.47,1.607,0,0
187,188,5,14,1,40.57,1.7814,0,0
187,188,5,15,1,41.83,2.8196,0,1
187,188,5,16,1,41.97,1.8964,0,0
187,188,5,17,1,42.82,2.0277,0,0
187,188,5,18,1,38.52,2.0856,1,0
187,188,5,19,1,38.14,2.1582,1,1
187,188,5,20,1,34.15,1.862,1,0
187,188,5,21,1,36.84,2.1969,1,1
187,188,5,22,1,34.27,1.8052,0,0
187,188,5,23,1,33.48,1.5705,0,0
188,189,6,0,1,30.75,0.5421,0,0
188,189,6,1,1,30.52,0.4812,0,0
188,189,6,2,1,30.52,0.5866,0,0
188,189,6,3,1,30.76,0.6055,0,0
188,189,6,4,1,29.55,0.3466,0,0
188,189,6,5,1,32.93,0.8713,0,0
188,189,6,6,1,28.68,0.9159,0,0
188,189,6,7,1,32.48,1.6767,0,0
188,189,6,8,1,33.68,1.3498,0,0
188,189,6,9,1,35.96,1.6989,0,0
188,189,6,10,1,36.35,1.504,0,0
188,189,6,11,1,38.5,1.6872,0,0
188,189,6,12,1,38.56,1.537,0,0
188,189,6,13,1,41.9,1.8515,0,0
188,189,6,14,1,40.53,1.9234,0,0
188,189,6,15,1,42.41,1.6963,0,0
188,189,6,16,1,41.53,2.1148,0,1
188,189,6,17,1,40.86,1.7229,0,0
188,189,6,18,1,38.95,1.7489,1,0
188,189,6,19,1,37.05,2.1174,1,1
188,189,6,20,1,35.83,1.9796,1,0
188,189,6,21,1,36.13,2.039,1,1
188,189,6,22,1,32.82,1.4279,0,0
188,189,6,23,1,33.07,1.402,0,0
189,190,0,0,0,30.86,0.5918,0,0
189,190,0,1,0,31.2,0.6059,0,0
189,190,0,2,0,31.79,0.5934,0,0
189,190,0,3,0,31.61,0.7223,0,0
189,190,0,4,0,30.89,0.5454,0,0
189,190,0,5,0,30.92,0.6774,0,0
189,190,0,6,0,30.84,0.8537,0,0
189,190,0,7,0,30.21,1.4956,0,0
189,190,0,8,0,33.02,0.9743,0,0
189,190,0,9,0,33.63,0.7705,0,0
189,190,0,10,0,35.12,0.793,0,0
189,190,0,11,0,37.51,1.0963,0,0
189,190,0,12,0,37.64,0.8359,0,0
189,190,0,13,0,40.26,1.1274,0,0
189,190,0,14,0,40.47,1.7085,0,0
189,190,0,15,0,40.97,1.1331,0,0
189,190,0,16,0,40.15,2.297,0,1
189,190,0,17,0,38.91,1.8777,0,0
189,190,0,18,0,38.98,1.7825,1,0
189,190,0,19,0,38.17,2.0747,1,1
189,190,0,20,0,37.94,1.9815,1,1
189,190,0,21,0,36.25,1.8913,1,0
189,190,0,22,0,32.81,1.3801,0,0
189,190,0,23,0,32.83,1.4523,0,0
190,191,1,0,0,31.43,0.6126,0,0
190,191,1,1,0,29.19,0.3508,0,0
190,191,1,2,0,29.59,0.3699,0,0
190,191,1,3,0,29.21,0.3469,0,0
190,191,1,4,0,30.73,0.6111,0,0
190,191,1,5,0,31.0,0.6396,0,0
190,191,1,6,0,31.08,1.2679,0,0
190,191,1,7,0,33.36,1.828,0,0
190,191,1,8,0,33.73,1.2614,0,0
190,191,1,9,0,38.0,1.1455,0,0
190,191,1,10,0,37.01,1.1709,0,0
190,191,1,11,0,40.39,0.9985,0,0
190,191,1,12,0,40.11,1.1113,0,0
190,191,1,13,0,40.13,2.0982,0,0
190,191,1,14,0,39.96,0.9673,0,0
190,191,1,15,0,41.77,1.0025,0,0
190,191,1,16,0,41.77,1.0522,0,0
190,191,1,17,0,40.1,1.7977,0,0
190,191,1,18,0,40.34,2.2334,1,1
190,191,1,19,0,38.59,2.57,1,1
190,191,1,20,0,36.58,2.1999,1,1
190,191,1,21,0,36.31,2.0003,1,0
190,191,1,22,0,34.5,1.4058,0,0
190,191,1,23,0,32.08,1.2701,0,0
191,192,2,0,0,33.67,0.9113,0,0
191,192,2,1,0,33.56,0.9325,0,0
191,192,2,2,0,29.02,0.3174,0,0
191,192,2,3,0,29.65,0.4018,0,0
191,192,2,4,0,29.93,0.4405,0,0
191,192,2,5,0,29.24,0.4555,0,0
191,192,2,6,0,31.04,1.5457,0,0
191,192,2,7,0,31.81,1.4661,0,0
191,192,2,8,0,35.68,1.6554,0,0
191,192,2,9,0,34.65,0.8509,0,0
191,192,2,10,0,34.88,0.8545,0,0
191,192,2,11,0,39.04,1.1212,0,0
191,192,2,12,0,39.76,1.0132,0,0
191,192,2,13,0,40.56,1.0154,0,0
191,192,2,14,0,40.22,0.8818,0,0
191,192,2,15,0,38.1,1.1488,0,0
191,192,2,16,0,38.19,1.083,0,0
191,192,2,17,0,38.65,1.7353,0,0
191,192,2,18,0,37.6,2.1988,1,1
191,192,2,19,0,36.97,2.2377,1,1
191,192,2,20,0,35.46,1.633,1,0
191,192,2,21,0,34.59,1.9145,1,0
191,192,2,22,0,36.69,2.1112,0,1
191,192,2,23,0,32.54,1.4974,0,0
192,193,3,0,0,31.52,0.5866,0,0
192,193,3,1,0,31.77,0.7344,0,0
192,193,3,2,0,29.82,0.3843,0,0
192,193,3,3,0,30.88,0.5253,0,0
192,193,3,4,0,30.56,0.5175,0,0
192,193,3,5,0,32.56,0.802,0,0
192,193,3,6,0,31.61,1.5744,0,0
192,193,3,7,0,33.53,1.2652,0,0
192,193,3,8,0,30.9,0.8163,0,0
192,193,3,9,0,34.32,0.8308,0,0
192,193,3,10,0,33.59,0.6934,0,0
192,193,3,11,0,36.39,0.9017,0,0
192,193,3,12,0,40.19,0.9838,0,0
192,193,3,13,0,39.86,1.1231,0,0
192,193,3,14,0,41.56,1.0619,0,0
192,193,3,15,0,41.73,0.9752,0,0
192,193,3,16,0,41.05,0.8224,0,0
192,193,3,17,0,41.22,2.6543,0,1
192,193,3,18,0,38.38,1.9651,1,0
192,193,3,19,0,37.12,2.0463,1,0
192,193,3,20,0,36.56,2.2414,1,1
192,193,3,21,0,34.73,1.889,1,0
192,193,3,22,0,35.61,2.0574,0,1
192,193,3,23,0,34.53,2.0117,0,0
193,194,4,0,0,31.36,0.6373,0,0
193,194,4,1,0,30.71,0.5558,0,0
193,194,4,2,0,29.66,0.3443,0,0
193,194,4,3,0,28.87,0.1704,0,0
193,194,4,4,0,27.9,0.1641,0,0
193,194,4,5,0,32.44,0.7552,0,0
193,194,4,6,0,30.51,1.4365,0,0
193,194,4,7,0,34.35,1.663,0,0
193,194,4,8,0,33.14,0.9922,0,0
193,194,4,9,0,36.6,1.0003,0,0
193,194,4,10,0,37.82,1.0215,0,0
193,194,4,11,0,34.85,1.0077,0,0
193,194,4,12,0,39.08,1.0418,0,0
193,194,4,13,0,41.4,1.0356,0,0
193,194,4,14,0,41.08,0.9729,0,0
193,194,4,15,0,41.18,0.945,0,0
193,194,4,16,0,39.95,1.1226,0,0
193,194,4,17,0,39.03,1.7614,0,0
193,194,4,18,0,40.94,2.1045,1,1
193,194,4,19,0,39.39,2.0182,1,1
193,194,4,20,0,35.64,1.7312,1,0
193,194,4,21,0,36.21,1.9079,1,1
193,194,4,22,0,33.14,1.6947,0,0
193,194,4,23,0,31.42,1.3114,0,0
194,195,5,0,1,30.39,0.5169,0,0
194,195,5,1,1,30.99,0.6484,0,0
194,195,5,2,1,30.74,0.5892,0,0
194,195,5,3,1,30.24,0.4766,0,0
194,195,5,4,1,29.85,0.4371,0,0
194,195,5,5,1,32.21,0.8353,0,0
194,195,5,6,1,30.46,0.7722,0,0
194,195,5,7,1,31.93,1.7647,0,0
194,195,5,8,1,35.25,1.4512,0,0
194,195,5,9,1,35.37,1.4684,0,0
194,195,5,10,1,36.61,1.6726,0,0
194,195,5,11,1,38.53,2.8329,0,1
194,195,5,12,1,40.01,1.6358,0,0
194,195,5,13,1,39.91,1.7681,0,0
194,195,5,14,1,40.13,1.6513,0,0
194,195,5,15,1,40.63,2.8226,0,1
194,195,5,16,1,41.23,1.9004,0,0
194,195,5,17,1,38.99,1.7623,0,0
194,195,5,18,1,38.78,1.7614,1,0
194,195,5,19,1,36.75,2.4604,1,0
194,195,5,20,1,37.22,2.8551,1,1
194,195,5,21,1,35.46,1.9187,1,0
194,195,5,22,1,35.46,1.8406,0,0
194,195,5,23,1,33.28,1.396,0,0
195,196,6,0,1,31.72,0.5808,0,0
195,196,6,1,1,32.38,0.7068,0,0
195,196,6,2,1,29.57,0.3781,0,0
195,196,6,3,1,29.67,0.3883,0,0
195,196,6,4,1,30.31,0.4376,0,0
195,196,6,5,1,28.79,0.2886,0,0
195,196,6,6,1,32.68,1.5199,0,0
195,196,6,7,1,33.29,1.69,0,0
195,196,6,8,1,34.23,1.4195,0,0
195,196,6,9,1,34.14,1.2979,0,0
195,196,6,10,1,40.43,1.5844,0,0
195,196,6,11,1,40.65,1.4936,0,0
195,196,6,12,1,39.86,2.4875,0,1
195,196,6,13,1,38.89,2.6169,0,1
195,196,6,14,1,41.44,2.3966,0,0
195,196,6,15,1,40.13,1.5785,0,0
195,196,6,16,1,38.87,1.8242,0,0
195,196,6,17,1,40.66,2.61,0,1
195,196,6,18,1,38.52,2.0903,1,0
195,196,6,19,1,37.15,1.7722,1,0
195,196,6,20,1,37.43,1.9571,1,0
195,196,6,21,1,33.21,1.4943,1,0
195,196,6,22,1,33.39,1.4279,0,0
195,196,6,23,1,32.76,1.3583,0,0
196,197,0,0,0,32.27,0.7102,0,0
196,197,0,1,0,30.63,0.5455,0,0
196,197,0,2,0,29.56,0.3724,0,0
196,197,0,3,0,28.36,0.1402,0,0
196,197,0,4,0,29.11,0.3802,0,0
196,197,0,5,0,31.4,0.7029,0,0
196,197,0,6,0,31.61,1.4376,0,0
196,197,0,7,0,33.66,2.065,0,1
196,197,0,8,0,33.53,1.2018,0,0
196,197,0,9,0,34.59,0.7352,0,0
196,197,0,10,0,39.41,1.0469,0,0
196,197,0,11,0,38.57,0.8951,0,0
196,197,0,12,0,38.78,1.9723,0,0
196,197,0,13,0,39.18,1.0689,0,0
196,197,0,14,0,41.55,1.008,0,0
196,197,0,15,0,40.15,0.9765,0,0
196,197,0,16,0,41.7,1.1907,0,0
196,197,0,17,0,40.69,1.9394,0,0
196,197,0,18,0,40.16,1.9417,1,0
196,197,0,19,0,37.27,2.5416,1,1
196,197,0,20,0,38.55,2.039,1,1
196,197,0,21,0,35.85,1.9398,1,0
196,197,0,22,0,33.83,1.6385,0,0
196,197,0,23,0,33.81,1.7029,0,0
197,198,1,0,0,33.6,0.8068,0,0
197,198,1,1,0,30.43,0.4574,0,0
197,198,1,2,0,29.34,0.4155,0,0
197,198,1,3,0,30.3,0.4381,0,0
197,198,1,4,0,30.42,0.5487,0,0
197,198,1,5,0,30.43,0.532,0,0
197,198,1,6,0,32.86,1.4869,0,0
197,198,1,7,0,33.9,1.6052,0,0
197,198,1,8,0,32.23,1.021,0,0
197,198,1,9,0,33.6,0.7525,0,0
197,198,1,10,0,38.66,1.0893,0,0
197,198,1,11,0,38.57,0.8788,0,0
197,198,1,12,0,40.84,0.9624,0,0
197,198,1,13,0,40.7,1.0166,0,0
197,198,1,14,0,39.47,0.9157,0,0
197,198,1,15,0,39.82,1.0948,0,0
197,198,1,16,0,39.46,1.0034,0,0
197,198,1,17,0,39.5,1.8721,0,1
197,198,1,18,0,37.81,1.7886,1,0
197,198,1,19,0,38.9,2.6607,1,1
197,198,1,20,0,37.29,2.614,1,1
197,198,1,21,0,35.44,1.6555,1,0
197,198,1,22,0,32.16,1.6682,0,0
197,198,1,23,0,32.52,1.5812,0,0
198,199,2,0,0,32.9,0.8698,0,0
198,199,2,1,0,31.09,0.6089,0,0
198,199,2,2,0,32.03,0.7084,0,0
198,199,2,3,0,30.0,0.4535,0,0
198,199,2,4,0,29.81,0.4489,0,0
198,199,2,5,0,31.06,0.602,0,0
198,199,2,6,0,31.35,1.5276,0,0
198,199,2,7,0,33.29,1.2067,0,0
198,199,2,8,0,33.84,1.0326,0,0
198,199,2,9,0,34.63,0.7174,0,0
198,199,2,10,0,37.44,2.183,0,1
198,199,2,11,0,36.94,1.0025,0,0
198,199,2,12,0,38.89,1.0375,0,0
198,199,2,13,0,40.5,1.0609,0,0
198,199,2,14,0,40.59,1.1116,0,0
198,199,2,15,0,40.61,1.1931,0,0
198,199,2,16,0,38.94,0.9487,0,0
198,199,2,17,0,40.15,1.5126,0,0
198,199,2,18,0,39.67,1.8304,1,0
198,199,2,19,0,39.67,2.5331,1,1
198,199,2,20,0,38.96,2.7799,1,1
198,199,2,21,0,35.53,2.0087,1,0
198,199,2,22,0,32.47,1.4915,0,0
198,199,2,23,0,33.03,1.5718,0,0
199,200,3,0,0,32.29,0.6313,0,0
199,200,3,1,0,30.63,0.5024,0,0
199,200,3,2,0,29.78,0.4611,0,0
199,200,3,3,0,31.35,0.6036,0,0
199,200,3,4,0,30.58,0.5111,0,0
199,200,3,5,0,29.22,0.4487,0,0
199,200,3,6,0,31.88,1.3056,0,0
199,200,3,7,0,33.65,1.1629,0,0
199,200,3,8,0,34.65,1.2444,0,0
199,200,3,9,0,35.54,0.9524,0,0
199,200,3,10,0,38.29,1.1198,0,0
199,200,3,11,0,39.41,1.0111,0,0
199,200,3,12,0,40.88,1.0625,0,0
199,200,3,13,0,38.9,1.0192,0,0
199,200,3,14,0,42.2,0.9878,0,0
199,200,3,15,0,39.8,1.0723,0,0
199,200,3,16,0,39.73,0.9269,0,0
199,200,3,17,0,39.77,1.7361,0,0
199,200,3,18,0,37.72,2.0968,1,1
199,200,3,19,0,38.82,2.2202,1,1
199,200,3,20,0,34.32,1.7765,1,0
199,200,3,21,0,37.01,2.4691,1,1
199,200,3,22,0,34.29,1.7004,0,0
199,200,3,23,0,32.71,1.5863,0,0
200,201,4,0,0,32.3,0.6848,0,0
200,201,4,1,0,31.26,0.6056,0,0
200,201,4,2,0,29.2,0.3512,0,0
200,201,4,3,0,30.27,0.5323,0,0
200,201,4,4,0,29.27,0.3624,0,0
200,201,4,5,0,30.89,0.7516,0,0
200,201,4,6,0,30.39,1.4939,0,0
200,201,4,7,0,32.24,1.5067,0,0
200,201,4,8,0,34.47,1.1486,0,0
200,201,4,9,0,35.1,0.9745,0,0
200,201,4,10,0,37.53,0.912,0,0
200,201,4,11,0,39.67,1.1243,0,0
200,201,4,12,0,38.86,1.1938,0,0
200,201,4,13,0,41.31,0.9222,0,0
200,201,4,14,0,40.27,1.1977,0,0
200,201,4,15,0,41.04,1.0109,0,0
200,201,4,16,0,40.35,0.9566,0,0
200,201,4,17,0,40.22,1.4308,0,0
200,201,4,18,0,39.61,2.0128,1,1
200,201,4,19,0,38.17,2.1956,1,1
200,201,4,20,0,37.43,2.684,1,1
200,201,4,21,0,32.82,1.7464,1,0
200,201,4,22,0,34.13,1.6807,0,0
200,201,4,23,0,33.0,1.2717,0,0
201,202,5,0,1,32.27,0.7483,0,0
201,202,5,1,1,30.32,0.5303,0,0
201,202,5,2,1,29.22,0.397,0,0
201,202,5,3,1,31.02,0.5315,0,0
201,202,5,4,1,30.42,0.4868,0,0
201,202,5,5,1,29.43,0.5422,0,0
201,202,5,6,1,31.89,1.1195,0,0
201,202,5,7,1,32.37,0.9547,0,0
201,202,5,8,1,36.12,1.777,0,0
201,202,5,9,1,36.1,1.7502,0,0
201,202,5,10,1,36.14,1.5681,0,0
201,202,5,11,1,39.56,2.4825,0,1
201,202,5,12,1,40.68,1.7495,0,0
201,202,5,13,1,39.55,2.3509,0,1
201,202,5,14,1,41.99,1.7447,0,0
201,202,5,15,1,38.93,1.8984,0,0
201,202,5,16,1,42.28,2.661,0,1
201,202,5,17,1,40.3,1.8379,0,0
201,202,5,18,1,37.19,2.292,1,0
201,202,5,19,1,38.63,1.7261,1,0
201,202,5,20,1,37.41,1.9413,1,0
201,202,5,21,1,36.75,2.0736,1,0
201,202,5,22,1,33.41,1.5331,0,0
201,202,5,23,1,32.67,1.3949,0,0
202,203,6,0,1,31.6,0.6111,0,0
202,203,6,1,1,28.77,0.1615,0,0
202,203,6,2,1,28.76,0.1646,0,0
202,203,6,3,1,30.01,0.5019,0,0
202,203,6,4,1,31.76,0.6871,0,0
202,203,6,5,1,32.53,0.8974,0,0
202,203,6,6,1,30.86,1.5443,0,0
202,203,6,7,1,34.54,2.0962,0,0
202,203,6,8,1,33.14,1.16,0,0
202,203,6,9,1,38.32,1.6228,0,0
202,203,6,10,1,35.91,1.4528,0,0
202,203,6,11,1,37.11,1.7158,0,0
202,203,6,12,1,39.83,2.5322,0,1
202,203,6,13,1,40.58,1.5599,0,0
202,203,6,14,1,41.47,1.6835,0,0
202,203,6,15,1,41.32,1.6606,0,0
202,203,6,16,1,41.42,1.7557,0,0
202,203,6,17,1,41.04,1.7115,0,0
202,203,6,18,1,40.07,2.1611,1,0
202,203,6,19,1,37.72,2.2016,1,1
202,203,6,20,1,37.39,2.6266,1,1
202,203,6,21,1,34.94,1.8574,1,0
202,203,6,22,1,32.89,1.1704,0,0
202,203,6,23,1,31.33,1.2968,0,0
203,204,0,0,0,30.97,0.5334,0,0
203,204,0,1,0,29.83,0.4129,0,0
203,204,0,2,0,28.48,0.1668,0,0
203,204,0,3,0,28.45,0.1593,0,0
203,204,0,4,0,29.63,0.4327,0,0
203,204,0,5,0,28.96,0.1977,0,0
203,204,0,6,0,32.6,1.7041,0,0
203,204,0,7,0,31.94,1.0373,0,0
203,204,0,8,0,33.66,1.3688,0,0
203,204,0,9,0,34.85,0.9968,0,0
203,204,0,10,0,34.1,0.8479,0,0
203,204,0,11,0,38.1,0.9172,0,0
203,204,0,12,0,39.5,1.0973,0,0
203,204,0,13,0,39.7,1.0408,0,0
203,204,0,14,0,40.47,0.9542,0,0
203,204,0,15,0,41.74,1.0166,0,0
203,204,0,16,0,39.88,0.9226,0,0
203,204,0,17,0,39.76,1.849,0,0
203,204,0,18,0,38.62,1.91,1,0
203,204,0,19,0,38.29,1.9461,1,1
203,204,0,20,0,35.97,2.1672,1,1
203,204,0,21,0,36.4,1.988,1,1
203,204,0,22,0,34.68,1.6115,0,0
203,204,0,23,0,33.11,1.5279,0,0
204,205,1,0,0,30.35,0.5017,0,0
204,205,1,1,0,29.8,0.4651,0,0
204,205,1,2,0,32.02,0.7166,0,0
204,205,1,3,0,28.78,0.1333,0,0
204,205,1,4,0,29.14,0.3878,0,0
204,205,1,5,0,29.26,0.4202,0,0
204,205,1,6,0,30.62,1.4429,0,0
204,205,1,7,0,34.19,1.9055,0,0
204,205,1,8,0,34.2,1.3141,0,0
204,205,1,9,0,37.45,1.1337,0,0
204,205,1,10,0,37.19,0.9467,0,0
204,205,1,11,0,38.23,0.9192,0,0
204,205,1,12,0,39.21,0.9693,0,0
204,205,1,13,0,41.04,0.9046,0,0
204,205,1,14,0,41.87,1.081,0,0
204,205,1,15,0,42.4,1.044,0,0
204,205,1,16,0,41.46,1.0709,0,0
204,205,1,17,0,38.55,2.5385,0,1
204,205,1,18,0,39.4,2.0848,1,0
204,205,1,19,0,40.03,2.1256,1,1
204,205,1,20,0,36.94,2.5889,1,1
204,205,1,21,0,36.84,2.015,1,0
204,205,1,22,0,33.45,1.6375,0,0
204,205,1,23,0,33.84,1.6281,0,0
205,206,2,0,0,29.53,0.4097,0,0
205,206,2,1,0,30.64,0.5078,0,0
205,206,2,2,0,31.25,0.5498,0,0
205,206,2,3,0,31.51,0.6084,0,0
205,206,2,4,0,31.45,0.616,0,0
205,206,2,5,0,30.17,0.711,0,0
205,206,2,6,0,31.04,1.3801,0,0
205,206,2,7,0,32.93,1.6994,0,0
205,206,2,8,0,34.43,1.3208,0,0
205,206,2,9,0,34.25,0.8116,0,0
205,206,2,10,0,37.37,2.2269,0,1
205,206,2,11,0,38.86,1.0953,0,0
205,206,2,12,0,38.93,1.0492,0,0
205,206,2,13,0,41.81,1.0519,0,0
205,206,2,14,0,41.35,1.0019,0,0
205,206,2,15,0,40.95,0.9425,0,0
205,206,2,16,0,40.94,0.9879,0,0
205,206,2,17,0,38.89,2.9988,0,1
205,206,2,18,0,39.22,1.9437,1,0
205,206,2,19,0,40.39,1.947,1,0
205,206,2,20,0,36.16,2.4535,1,1
205,206,2,21,0,33.77,1.6261,1,0
205,206,2,22,0,35.53,1.7166,0,0
205,206,2,23,0,33.69,1.5361,0,0
206,207,3,0,0,29.84,0.472,0,0
206,207,3,1,0,32.21,0.7472,0,0
206,207,3,2,0,29.33,0.4078,0,0
206,207,3,3,0,27.45,0.1433,0,0
206,207,3,4,0,30.18,0.5095,0,0
206,207,3,5,0,30.98,0.6449,0,0
206,207,3,6,0,30.69,0.6928,0,0
206,207,3,7,0,31.37,0.8803,0,0
206,207,3,8,0,35.04,1.5517,0,0
206,207,3,9,0,34.74,0.7425,0,0
206,207,3,10,0,36.95,1.0336,0,0
206,207,3,11,0,39.78,1.0329,0,0
206,207,3,12,0,38.55,0.9731,0,0
206,207,3,13,0,39.46,0.9278,0,0
206,207,3,14,0,40.59,0.9969,0,0
206,207,3,15,0,38.86,1.014,0,0
206,207,3,16,0,39.3,1.0741,0,0
206,207,3,17,0,39.59,1.6827,0,0
206,207,3,18,0,38.18,2.0737,1,1
206,207,3,19,0,38.6,2.6552,1,1
206,207,3,20,0,37.5,2.0249,1,1
206,207,3,21,0,37.28,1.7158,1,0
206,207,3,22,0,33.3,1.431,0,0
206,207,3,23,0,31.72,1.3051,0,0
207,208,4,0,0,31.18,0.6278,0,0
207,208,4,1,0,31.57,0.6065,0,0
207,208,4,2,0,29.9,0.4236,0,0
207,208,4,3,0,27.9,0.1511,0,0
207,208,4,4,0,30.1,0.5101,0,0
207,208,4,5,0,30.6,0.677,0,0
207,208,4,6,0,30.3,0.8149,0,0
207,208,4,7,0,32.11,1.7178,0,0
207,208,4,8,0,33.26,1.1425,0,0
207,208,4,9,0,35.33,1.6909,0,0
207,208,4,10,0,36.09,0.9072,0,0
207,208,4,11,0,39.79,1.0588,0,0
207,208,4,12,0,39.17,1.0104,0,0
207,208,4,13,0,37.76,1.031,0,0
207,208,4,14,0,40.49,1.1399,0,0
207,208,4,15,0,41.27,1.1901,0,0
207,208,4,16,0,41.28,0.9654,0,0
207,208,4,17,0,42.32,2.0104,0,1
207,208,4,18,0,42.12,2.0446,1,1
207,208,4,19,0,37.83,2.5374,1,1
207,208,4,20,0,38.25,1.935,1,0
207,208,4,21,0,33.86,1.7479,1,0
207,208,4,22,0,34.06,1.7381,0,0
207,208,4,23,0,33.04,1.6511,0,0
208,209,5,0,1,31.09,0.5902,0,0
208,209,5,1,1,30.74,0.5377,0,0
208,209,5,2,1,30.82,0.564,0,0
208,209,5,3,1,29.09,0.3865,0,0
208,209,5,4,1,30.05,0.4735,0,0
208,209,5,5,1,31.75,0.7995,0,0
208,209,5,6,1,31.89,1.5368,0,0
208,209,5,7,1,31.43,1.5629,0,0
208,209,5,8,1,32.61,0.8225,0,0
208,209,5,9,1,36.25,1.4811,0,0
208,209,5,10,1,36.74,1.8134,0,0
208,209,5,11,1,38.82,1.6858,0,0
208,209,5,12,1,38.62,1.5994,0,0
208,209,5,13,1,40.5,1.6984,0,0
208,209,5,14,1,41.19,1.589,0,0
208,209,5,15,1,40.5,1.8698,0,0
208,209,5,16,1,40.5,1.5931,0,0
208,209,5,17,1,41.6,2.7965,0,1
208,209,5,18,1,38.32,2.0628,1,1
208,209,5,19,1,37.1,1.8719,1,0
208,209,5,20,1,37.15,1.8979,1,1
208,209,5,21,1,36.52,1.6476,1,0
208,209,5,22,1,33.74,1.7365,0,0
208,209,5,23,1,33.55,1.842,0,0
209,210,6,0,1,32.57,0.6977,0,0
209,210,6,1,1,28.39,0.1689,0,0
209,210,6,2,1,30.29,0.4983,0,0
209,210,6,3,1,29.73,0.442,0,0
209,210,6,4,1,29.41,0.3304,0,0
209,210,6,5,1,30.44,0.6652,0,0
209,210,6,6,1,31.02,1.2998,0,0
209,210,6,7,1,33.68,2.0208,0,0
209,210,6,8,1,35.92,1.5943,0,0
209,210,6,9,1,34.64,1.3636,0,0
209,210,6,10,1,37.28,1.6543,0,0
209,210,6,11,1,38.39,1.732,0,0
209,210,6,12,1,38.05,1.6907,0,0
209,210,6,13,1,39.92,1.7475,0,0
209,210,6,14,1,40.21,1.8817,0,0
209,210,6,15,1,40.56,2.8264,0,1
209,210,6,16,1,40.08,1.4896,0,0
209,210,6,17,1,38.9,2.6169,0,1
209,210,6,18,1,36.7,2.094,1,1
209,210,6,19,1,37.57,1.7821,1,0
209,210,6,20,1,38.94,2.051,1,0
209,210,6,21,1,35.5,2.0271,1,0
209,210,6,22,1,34.7,1.5669,0,0
209,210,6,23,1,33.11,1.7346,0,0
210,211,0,0,0,30.56,0.5272,0,0
210,211,0,1,0,30.48,0.5467,0,0
210,211,0,2,0,31.97,0.5855,0,0
210,211,0,3,0,29.16,0.3096,0,0
210,211,0,4,0,28.42,0.1463,0,0
210,211,0,5,0,31.03,0.6747,0,0
210,211,0,6,0,31.05,1.2472,0,0
210,211,0,7,0,32.16,1.1955,0,0
210,211,0,8,0,32.59,1.1147,0,0
210,211,0,9,0,36.35,0.8055,0,0
210,211,0,10,0,36.44,0.9608,0,0
210,211,0,11,0,38.82,0.9127,0,0
210,211,0,12,0,40.29,1.0567,0,0
210,211,0,13,0,40.04,0.9346,0,0
210,211,0,14,0,40.01,1.1013,0,0
210,211,0,15,0,42.45,0.9482,0,0
210,211,0,16,0,42.85,0.9859,0,0
210,211,0,17,0,39.83,2.5214,0,1
210,211,0,18,0,38.34,2.1967,1,1
210,211,0,19,0,37.08,1.631,1,0
210,211,0,20,0,36.46,2.0484,1,0
210,211,0,21,0,36.64,2.0576,1,1
210,211,0,22,0,31.83,1.1611,0,0
210,211,0,23,0,32.91,1.3281,0,0
211,212,1,0,0,32.22,0.6337,0,0
211,212,1,1,0,30.42,0.4468,0,0
211,212,1,2,0,30.34,0.4916,0,0
211,212,1,3,0,30.0,0.4828,0,0
211,212,1,4,0,30.82,0.5862,0,0
211,212,1,5,0,30.62,0.6189,0,0
211,212,1,6,0,30.67,0.9432,0,0
211,212,1,7,0,32.41,1.1511,0,0
211,212,1,8,0,33.24,1.2154,0,0
211,212,1,9,0,35.9,1.0197,0,0
211,212,1,10,0,36.65,1.0832,0,0
211,212,1,11,0,36.18,1.0517,0,0
211,212,1,12,0,38.08,1.1401,0,0
211,212,1,13,0,39.64,2.0094,0,1
211,212,1,14,0,41.4,1.1024,0,0
211,212,1,15,0,41.06,1.658,0,0
211,212,1,16,0,39.5,1.8074,0,0
211,212,1,17,0,41.73,1.6502,0,0
211,212,1,18,0,37.53,2.0219,1,1
211,212,1,19,0,37.83,1.8948,1,0
211,212,1,20,0,35.51,2.1597,1,1
211,212,1,21,0,35.61,1.9873,1,0
211,212,1,22,0,33.81,1.5267,0,0
211,212,1,23,0,33.9,1.6574,0,0
212,213,2,0,0,29.97,0.4618,0,0
212,213,2,1,0,31.24,0.6005,0,0
212,213,2,2,0,27.71,0.1731,0,0
212,213,2,3,0,29.83,0.4322,0,0
212,213,2,4,0,28.87,0.1228,0,0
212,213,2,5,0,28.88,0.2922,0,0
212,213,2,6,0,30.47,1.3931,0,0
212,213,2,7,0,31.57,1.0297,0,0
212,213,2,8,0,34.33,1.3483,0,0
212,213,2,9,0,34.92,0.6946,0,0
212,213,2,10,0,36.15,0.9466,0,0
212,213,2,11,0,37.93,1.0517,0,0
212,213,2,12,0,40.14,0.9604,0,0
212,213,2,13,0,40.14,0.8996,0,0
212,213,2,14,0,40.75,1.0994,0,0
212,213,2,15,0,40.24,0.9763,0,0
212,213,2,16,0,39.99,1.1246,0,0
212,213,2,17,0,40.41,1.6754,0,0
212,213,2,18,0,41.29,1.6174,1,0
212,213,2,19,0,35.26,1.6932,1,1
212,213,2,20,0,36.02,2.0058,1,1
212,213,2,21,0,34.48,1.6374,1,0
212,213,2,22,0,35.5,2.0919,0,1
212,213,2,23,0,30.31,1.1594,0,0
213,214,3,0,0,31.66,0.6443,0,0
213,214,3,1,0,30.58,0.4638,0,0
213,214,3,2,0,28.99,0.1626,0,0
213,214,3,3,0,28.9,0.1539,0,0
213,214,3,4,0,28.64,0.1436,0,0
213,214,3,5,0,30.99,0.6864,0,0
213,214,3,6,0,30.46,0.8217,0,0
213,214,3,7,0,31.57,1.4943,0,0
213,214,3,8,0,32.99,1.0668,0,0
213,214,3,9,0,34.82,0.8834,0,0
213,214,3,10,0,36.01,1.0064,0,0
213,214,3,11,0,37.58,1.1396,0,0
213,214,3,12,0,39.59,1.7214,0,0
213,214,3,13,0,41.8,0.9578,0,0
213,214,3,14,0,40.08,1.1189,0,0
213,214,3,15,0,41.46,1.933,0,0
213,214,3,16,0,40.08,1.0707,0,0
213,214,3,17,0,40.93,1.5248,0,0
213,214,3,18,0,38.07,2.2248,1,1
213,214,3,19,0,37.92,1.9888,1,1
213,214,3,20,0,37.2,2.1094,1,1
213,214,3,21,0,35.05,1.6921,1,0
213,214,3,22,0,34.12,1.6148,0,0
213,214,3,23,0,33.01,1.6128,0,0
214,215,4,0,0,29.79,0.433,0,0
214,215,4,1,0,31.29,0.5667,0,0
214,215,4,2,0,29.64,0.4211,0,0
214,215,4,3,0,31.32,0.5309,0,0
214,215,4,4,0,31.67,0.6543,0,0
214,215,4,5,0,29.38,0.4177,0,0
214,215,4,6,0,31.3,1.4798,0,0
214,215,4,7,0,31.96,1.061,0,0
214,215,4,8,0,31.82,0.8184,0,0
214,215,4,9,0,34.74,0.834,0,0
214,215,4,10,0,34.77,0.7896,0,0
214,215,4,11,0,36.21,1.0328,0,0
214,215,4,12,0,39.75,0.9154,0,0
214,215,4,13,0,39.96,0.9783,0,0
214,215,4,14,0,39.84,1.0648,0,0
214,215,4,15,0,39.77,1.1714,0,0
214,215,4,16,0,39.6,1.0233,0,0
214,215,4,17,0,39.62,1.7288,0,0
214,215,4,18,0,37.62,2.1504,1,1
214,215,4,19,0,38.49,2.7431,1,1
214,215,4,20,0,37.12,2.7944,1,1
214,215,4,21,0,35.6,1.7922,1,0
214,215,4,22,0,33.27,1.5769,0,0
214,215,4,23,0,34.25,1.7542,0,0
215,216,5,0,1,32.29,0.6309,0,0
215,216,5,1,1,32.12,0.6564,0,0
215,216,5,2,1,29.63,0.421,0,0
215,216,5,3,1,29.87,0.4273,0,0
215,216,5,4,1,29.56,0.4201,0,0
215,216,5,5,1,31.15,0.6779,0,0
215,216,5,6,1,31.77,1.6232,0,0
215,216,5,7,1,32.33,1.1884,0,0
215,216,5,8,1,33.83,1.2318,0,0
215,216,5,9,1,34.0,1.2102,0,0
215,216,5,10,1,36.71,1.6882,0,0
215,216,5,11,1,37.69,1.6763,0,0
215,216,5,12,1,37.75,1.461,0,0
215,216,5,13,1,40.04,1.6179,0,0
215,216,5,14,1,39.42,2.7466,0,1
215,216,5,15,1,40.35,2.7663,0,1
215,216,5,16,1,39.69,1.5274,0,0
215,216,5,17,1,39.88,1.8981,0,0
215,216,5,18,1,39.74,2.0016,1,0
215,216,5,19,1,38.49,2.5959,1,1
215,216,5,20,1,36.01,2.4776,1,0
215,216,5,21,1,34.2,1.6456,1,0
215,216,5,22,1,34.91,1.884,0,0
215,216,5,23,1,32.59,1.5678,0,0
216,217,6,0,1,30.9,0.5262,0,0
216,217,6,1,1,29.98,0.4958,0,0
216,217,6,2,1,29.89,0.4079,0,0
216,217,6,3,1,30.68,0.5346,0,0
216,217,6,4,1,29.14,0.362,0,0
216,217,6,5,1,30.55,0.6244,0,0
216,217,6,6,1,28.73,0.8437,0,0
216,217,6,7,1,33.14,1.718,0,0
216,217,6,8,1,32.97,1.2989,0,0
216,217,6,9,1,34.04,1.3315,0,0
216,217,6,10,1,35.42,2.1312,0,0
216,217,6,11,1,38.25,1.6946,0,0
216,217,6,12,1,38.36,1.9199,0,0
216,217,6,13,1,40.79,2.3764,0,1
216,217,6,14,1,41.78,2.0056,0,0
216,217,6,15,1,39.67,1.7152,0,0
216,217,6,16,1,39.15,1.515,0,0
216,217,6,17,1,40.72,2.6759,0,1
216,217,6,18,1,38.32,2.165,1,1
216,217,6,19,1,37.71,1.9159,1,0
216,217,6,20,1,34.83,1.9049,1,0
216,217,6,21,1,34.14,1.9836,1,0
216,217,6,22,1,35.18,2.0625,0,0
216,217,6,23,1,33.72,1.7346,0,0
217,218,0,0,0,30.95,0.5171,0,0
217,218,0,1,0,30.62,0.5244,0,0
217,218,0,2,0,31.7,0.6367,0,0
217,218,0,3,0,29.33,0.3638,0,0
217,218,0,4,0,28.94,0.1855,0,0
217,218,0,5,0,30.08,0.6284,0,0
217,218,0,6,0,31.29,1.2585,0,0
217,218,0,7,0,33.11,1.6926,0,0
217,218,0,8,0,34.02,1.1584,0,0
217,218,0,9,0,35.43,1.0205,0,0
217,218,0,10,0,36.12,1.0145,0,0
217,218,0,11,0,37.15,1.1373,0,0
217,218,0,12,0,38.1,1.9736,0,1
217,218,0,13,0,39.57,0.9941,0,0
217,218,0,14,0,39.92,0.878,0,0
217,218,0,15,0,41.74,0.8721,0,0
217,218,0,16,0,40.15,1.0084,0,0
217,218,0,17,0,41.33,1.9487,0,0
217,218,0,18,0,37.34,2.0836,1,1
217,218,0,19,0,38.57,2.0402,1,1
217,218,0,20,0,37.07,1.8298,1,0
217,218,0,21,0,35.15,1.6117,1,0
217,218,0,22,0,33.99,1.6109,0,0
217,218,0,23,0,32.28,1.3876,0,0
218,219,1,0,0,31.45,0.6009,0,0
218,219,1,1,0,29.91,0.4358,0,0
218,219,1,2,0,29.75,0.4137,0,0
218,219,1,3,0,29.93,0.5006,0,0
218,219,1,4,0,29.4,0.3849,0,0
218,219,1,5,0,30.18,0.6033,0,0
218,219,1,6,0,31.58,1.459,0,0
218,219,1,7,0,30.6,1.289,0,0
218,219,1,8,0,33.09,1.279,0,0
218,219,1,9,0,33.04,0.5886,0,0
218,219,1,10,0,35.25,0.9697,0,0
218,219,1,11,0,40.58,1.0402,0,0
218,219,1,12,0,37.94,0.9868,0,0
218,219,1,13,0,39.7,1.1548,0,0
218,219,1,14,0,38.88,1.0723,0,0
218,219,1,15,0,40.33,1.1708,0,0
218,219,1,16,0,41.72,1.1056,0,0
218,219,1,17,0,38.23,1.6671,0,0
218,219,1,18,0,38.31,1.9179,1,1
218,219,1,19,0,38.44,1.9942,1,1
218,219,1,20,0,33.49,1.5511,1,0
218,219,1,21,0,35.31,1.908,1,0
218,219,1,22,0,36.03,2.0398,0,1
218,219,1,23,0,31.92,1.0839,0,0
219,220,2,0,0,30.52,0.4938,0,0
219,220,2,1,0,30.46,0.5143,0,0
219,220,2,2,0,28.1,0.1612,0,0
219,220,2,3,0,29.57,0.399,0,0
219,220,2,4,0,29.7,0.4235,0,0
219,220,2,5,0,29.1,0.5289,0,0
219,220,2,6,0,31.06,1.6704,0,0
219,220,2,7,0,31.42,1.4176,0,0
219,220,2,8,0,33.46,1.1082,0,0
219,220,2,9,0,35.61,1.0016,0,0
219,220,2,10,0,35.18,0.9318,0,0
219,220,2,11,0,37.82,1.0726,0,0
219,220,2,12,0,38.46,1.0221,0,0
219,220,2,13,0,40.9,1.66,0,0
219,220,2,14,0,40.12,1.0026,0,0
219,220,2,15,0,40.77,1.0429,0,0
219,220,2,16,0,41.0,0.8677,0,0
219,220,2,17,0,39.76,1.9529,0,1
219,220,2,18,0,38.39,1.828,1,0
219,220,2,19,0,36.29,2.0783,1,1
219,220,2,20,0,34.21,2.2317,1,1
219,220,2,21,0,33.63,1.5131,1,0
219,220,2,22,0,33.85,1.4271,0,0
219,220,2,23,0,30.79,1.3589,0,0
220,221,3,0,0,29.68,0.4092,0,0
220,221,3,1,0,30.25,0.4616,0,0
220,221,3,2,0,29.59,0.4118,0,0
220,221,3,3,0,27.2,0.1877,0,0
220,221,3,4,0,28.58,0.1652,0,0
220,221,3,5,0,30.23,0.547,0,0
220,221,3,6,0,31.53,1.4443,0,0
220,221,3,7,0,30.27,0.8613,0,0
220,221,3,8,0,32.6,0.9137,0,0
220,221,3,9,0,33.78,0.805,0,0
220,221,3,10,0,35.41,0.7843,0,0
220,221,3,11,0,35.43,0.8446,0,0
220,221,3,12,0,39.9,0.9532,0,0
220,221,3,13,0,40.28,1.1339,0,0
220,221,3,14,0,39.52,0.9958,0,0
220,221,3,15,0,40.84,0.9244,0,0
220,221,3,16,0,41.22,0.9383,0,0
220,221,3,17,0,38.75,1.6863,0,0
220,221,3,18,0,40.54,2.0322,1,1
220,221,3,19,0,38.68,1.9228,1,1
220,221,3,20,0,35.2,1.9201,1,1
220,221,3,21,0,35.93,1.6491,1,0
220,221,3,22,0,34.2,1.7562,0,0
220,221,3,23,0,30.7,1.1309,0,0
221,222,4,0,0,31.13,0.5036,0,0
221,222,4,1,0,29.21,0.3724,0,0
221,222,4,2,0,29.48,0.3983,0,0
221,222,4,3,0,29.61,0.4209,0,0
221,222,4,4,0,30.63,0.5707,0,0
221,222,4,5,0,30.83,0.7253,0,0
221,222,4,6,0,28.89,1.1012,0,0
221,222,4,7,0,33.22,1.6051,0,0
221,222,4,8,0,32.36,1.0262,0,0
221,222,4,9,0,32.99,0.7198,0,0
221,222,4,10,0,36.1,1.02,0,0
221,222,4,11,0,36.93,1.0041,0,0
221,222,4,12,0,36.92,1.046,0,0
221,222,4,13,0,39.28,1.0853,0,0
221,222,4,14,0,37.32,1.0752,0,0
221,222,4,15,0,40.37,1.733,0,0
221,222,4,16,0,41.11,1.0504,0,0
221,222,4,17,0,39.52,1.6201,0,0
221,222,4,18,0,39.72,2.047,1,1
221,222,4,19,0,35.4,2.3457,1,1
221,222,4,20,0,37.51,1.8671,1,1
221,222,4,21,0,35.21,1.8307,1,0
221,222,4,22,0,31.95,1.2334,0,0
221,222,4,23,0,31.99,1.2758,0,0
222,223,5,0,1,30.73,0.5902,0,0
222,223,5,1,1,31.49,0.6387,0,0
222,223,5,2,1,28.93,0.1703,0,0
222,223,5,3,1,28.37,0.1837,0,0
222,223,5,4,1,28.8,0.1746,0,0
222,223,5,5,1,28.36,0.2025,0,0
222,223,5,6,1,30.32,1.2398,0,0
222,223,5,7,1,33.81,1.7937,0,0
222,223,5,8,1,33.9,1.5252,0,0
222,223,5,9,1,34.35,1.2257,0,0
222,223,5,10,1,36.68,1.7937,0,0
222,223,5,11,1,38.57,2.5843,0,1
222,223,5,12,1,36.56,2.6833,0,1
222,223,5,13,1,40.06,2.1569,0,0
222,223,5,14,1,39.13,1.6312,0,0
222,223,5,15,1,41.29,1.4939,0,0
222,223,5,16,1,39.61,1.7479,0,0
222,223,5,17,1,38.44,1.7288,0,0
222,223,5,18,1,37.45,2.0725,1,0
222,223,5,19,1,37.77,3.1105,1,1
222,223,5,20,1,34.78,2.0114,1,0
222,223,5,21,1,32.96,1.4533,1,0
222,223,5,22,1,31.29,1.3176,0,0
222,223,5,23,1,30.88,1.054,0,0
223,224,6,0,1,30.13,0.5303,0,0
223,224,6,1,1,31.3,0.5541,0,0
223,224,6,2,1,27.74,0.1509,0,0
223,224,6,3,1,28.4,0.1245,0,0
223,224,6,4,1,29.95,0.4249,0,0
223,224,6,5,1,30.85,0.6242,0,0
223,224,6,6,1,30.37,1.3394,0,0
223,224,6,7,1,32.87,1.8019,0,0
223,224,6,8,1,34.0,1.2232,0,0
223,224,6,9,1,34.04,1.1688,0,0
223,224,6,10,1,35.18,1.3292,0,0
223,224,6,11,1,37.82,1.5305,0,0
223,224,6,12,1,37.76,2.3453,0,1
223,224,6,13,1,38.21,2.0754,0,0
223,224,6,14,1,39.79,1.6929,0,0
223,224,6,15,1,37.93,1.8576,0,0
223,224,6,16,1,38.3,1.5042,0,0
223,224,6,17,1,40.13,2.3641,0,1
223,224,6,18,1,39.0,2.1268,1,0
223,224,6,19,1,36.06,1.92,1,0
223,224,6,20,1,35.89,2.1474,1,1
223,224,6,21,1,34.19,1.6632,1,0
223,224,6,22,1,30.55,1.1678,0,0
223,224,6,23,1,30.95,0.9691,0,0
224,225,0,0,0,30.96,0.5999,0,0
224,225,0,1,0,28.08,0.1596,0,0
224,225,0,2,0,29.14,0.3697,0,0
224,225,0,3,0,29.88,0.5233,0,0
224,225,0,4,0,30.4,0.5192,0,0
224,225,0,5,0,29.58,0.4642,0,0
224,225,0,6,0,31.24,1.5229,0,0
224,225,0,7,0,31.31,1.3839,0,0
224,225,0,8,0,33.02,1.1562,0,0
224,225,0,9,0,34.18,0.7344,0,0
224,225,0,10,0,35.8,1.0784,0,0
224,225,0,11,0,39.98,0.8948,0,0
224,225,0,12,0,37.07,1.0385,0,0
224,225,0,13,0,39.51,0.8861,0,0
224,225,0,14,0,41.19,0.9627,0,0
224,225,0,15,0,38.51,0.9723,0,0
224,225,0,16,0,38.46,1.0973,0,0
224,225,0,17,0,40.18,1.8579,0,0
224,225,0,18,0,38.93,2.2923,1,1
224,225,0,19,0,35.53,1.9522,1,1
224,225,0,20,0,34.84,2.6812,1,1
224,225,0,21,0,34.83,1.5966,1,0
224,225,0,22,0,34.09,1.6093,0,0
224,225,0,23,0,29.8,0.9843,0,0
225,226,1,0,0,30.34,0.5023,0,0
225,226,1,1,0,29.36,0.3854,0,0
225,226,1,2,0,28.95,0.1646,0,0
225,226,1,3,0,28.13,0.1398,0,0
225,226,1,4,0,27.77,0.1814,0,0
225,226,1,5,0,29.64,0.5577,0,0
225,226,1,6,0,29.52,1.26,0,0
225,226,1,7,0,33.2,1.5528,0,0
225,226,1,8,0,34.14,1.2244,0,0
225,226,1,9,0,34.75,0.8052,0,0
225,226,1,10,0,36.98,1.0835,0,0
225,226,1,11,0,35.78,0.9337,0,0
225,226,1,12,0,38.62,1.0401,0,0
225,226,1,13,0,39.35,0.8422,0,0
225,226,1,14,0,41.81,1.7673,0,0
225,226,1,15,0,39.75,1.0317,0,0
225,226,1,16,0,40.38,1.0517,0,0
225,226,1,17,0,39.58,1.8214,0,0
225,226,1,18,0,39.35,2.2503,1,1
225,226,1,19,0,37.03,2.0183,1,1
225,226,1,20,0,35.94,2.2536,1,1
225,226,1,21,0,33.05,1.2573,1,0
225,226,1,22,0,32.5,1.284,0,0
225,226,1,23,0,33.24,1.6153,0,0
226,227,2,0,0,28.41,0.1737,0,0
226,227,2,1,0,30.17,0.4475,0,0
226,227,2,2,0,29.45,0.3925,0,0
226,227,2,3,0,30.28,0.5336,0,0
226,227,2,4,0,28.81,0.1381,0,0
226,227,2,5,0,29.64,0.5511,0,0
226,227,2,6,0,29.17,1.011,0,0
226,227,2,7,0,31.23,1.2509,0,0
226,227,2,8,0,33.8,1.2254,0,0
226,227,2,9,0,34.08,0.9248,0,0
226,227,2,10,0,36.75,0.9072,0,0
226,227,2,11,0,37.99,1.0951,0,0
226,227,2,12,0,40.06,1.0021,0,0
226,227,2,13,0,39.04,1.0037,0,0
226,227,2,14,0,38.61,0.9597,0,0
226,227,2,15,0,38.88,0.8746,0,0
226,227,2,16,0,40.33,0.8697,0,0
226,227,2,17,0,38.3,2.7468,0,1
226,227,2,18,0,37.11,1.8988,1,1
226,227,2,19,0,37.95,1.953,1,1
226,227,2,20,0,36.5,1.8585,1,0
226,227,2,21,0,34.53,1.7534,1,0
226,227,2,22,0,32.0,1.3901,0,0
226,227,2,23,0,31.07,1.0554,0,0
227,228,3,0,0,30.51,0.5051,0,0
227,228,3,1,0,30.73,0.5854,0,0
227,228,3,2,0,29.36,0.3546,0,0
227,228,3,3,0,29.37,0.3493,0,0
227,228,3,4,0,30.53,0.5073,0,0
227,228,3,5,0,27.73,0.3634,0,0
227,228,3,6,0,29.52,1.0381,0,0
227,228,3,7,0,31.71,1.8495,0,1
227,228,3,8,0,33.96,1.3659,0,0
227,228,3,9,0,32.82,0.7022,0,0
227,228,3,10,0,36.78,1.2218,0,0
227,228,3,11,0,34.01,0.7619,0,0
227,228,3,12,0,37.43,1.1257,0,0
227,228,3,13,0,38.74,1.0377,0,0
227,228,3,14,0,42.09,1.0893,0,0
227,228,3,15,0,40.13,1.7906,0,0
227,228,3,16,0,38.32,0.9689,0,0
227,228,3,17,0,38.36,1.5685,0,0
227,228,3,18,0,38.64,1.7098,1,0
227,228,3,19,0,34.99,1.9204,1,1
227,228,3,20,0,35.07,1.8185,1,0
227,228,3,21,0,34.77,1.8891,1,1
227,228,3,22,0,31.76,1.2096,0,0
227,228,3,23,0,29.68,1.0595,0,0
228,229,4,0,0,29.8,0.3793,0,0
228,229,4,1,0,28.5,0.1638,0,0
228,229,4,2,0,27.73,0.1904,0,0
228,229,4,3,0,29.41,0.4206,0,0
228,229,4,4,0,29.61,0.3957,0,0
228,229,4,5,0,27.69,0.2907,0,0
228,229,4,6,0,30.79,0.7264,0,0
228,229,4,7,0,27.78,0.9162,0,0
228,229,4,8,0,33.28,1.2762,0,0
228,229,4,9,0,34.88,0.9219,0,0
228,229,4,10,0,36.57,0.9667,0,0
228,229,4,11,0,37.85,0.9643,0,0
228,229,4,12,0,38.08,1.0425,0,0
228,229,4,13,0,38.35,0.9597,0,0
228,229,4,14,0,39.77,1.0818,0,0
228,229,4,15,0,38.76,0.9964,0,0
228,229,4,16,0,38.01,1.9312,0,0
228,229,4,17,0,38.95,1.508,0,0
228,229,4,18,0,38.05,2.0099,1,1
228,229,4,19,0,36.84,2.3558,1,1
228,229,4,20,0,37.13,2.3902,1,1
228,229,4,21,0,33.79,1.7028,1,0
228,229,4,22,0,33.71,1.5491,0,0
228,229,4,23,0,31.35,1.0925,0,0
229,230,5,0,1,29.0,0.3648,0,0
229,230,5,1,1,28.48,0.133,0,0
229,230,5,2,1,30.43,0.5261,0,0
229,230,5,3,1,27.93,0.1508,0,0
229,230,5,4,1,28.3,0.1292,0,0
229,230,5,5,1,29.52,0.56,0,0
229,230,5,6,1,31.37,1.6408,0,0
229,230,5,7,1,32.1,0.9166,0,0
229,230,5,8,1,31.8,0.8745,0,0
229,230,5,9,1,32.73,1.9402,0,0
229,230,5,10,1,35.05,1.3951,0,0
229,230,5,11,1,38.38,1.7171,0,0
229,230,5,12,1,36.12,1.4757,0,0
229,230,5,13,1,38.7,1.8604,0,0
229,230,5,14,1,38.25,1.893,0,0
229,230,5,15,1,39.42,3.0007,0,1
229,230,5,16,1,40.41,1.6488,0,0
229,230,5,17,1,38.94,1.5649,0,0
229,230,5,18,1,36.27,2.1257,1,1
229,230,5,19,1,36.26,2.385,1,1
229,230,5,20,1,37.47,1.9492,1,0
229,230,5,21,1,36.04,1.9714,1,0
229,230,5,22,1,33.59,1.6012,0,0
229,230,5,23,1,31.24,1.3954,0,0
230,231,6,0,1,30.18,0.4336,0,0
230,231,6,1,1,29.31,0.3393,0,0
230,231,6,2,1,28.91,0.17,0,0
230,231,6,3,1,29.54,0.372,0,0
230,231,6,4,1,29.04,0.3348,0,0
230,231,6,5,1,29.97,0.518,0,0
230,231,6,6,1,30.19,1.3654,0,0
230,231,6,7,1,30.96,1.518,0,0
230,231,6,8,1,33.55,1.2443,0,0
230,231,6,9,1,32.52,1.0299,0,0
230,231,6,10,1,35.71,2.5878,0,1
230,231,6,11,1,36.63,1.8588,0,0
230,231,6,12,1,36.02,2.5146,0,1
230,231,6,13,1,37.1,1.7502,0,0
230,231,6,14,1,37.07,1.6297,0,0
230,231,6,15,1,41.57,1.6564,0,0
230,231,6,16,1,37.84,1.76,0,0
230,231,6,17,1,37.42,1.7986,0,0
230,231,6,18,1,37.32,1.8354,1,0
230,231,6,19,1,36.8,2.7452,1,1
230,231,6,20,1,37.94,2.0164,1,0
230,231,6,21,1,34.1,2.0008,1,0
230,231,6,22,1,33.28,1.5968,0,0
230,231,6,23,1,31.48,1.1661,0,0
231,232,0,0,0,29.61,0.394,0,0
231,232,0,1,0,29.08,0.348,0,0
231,232,0,2,0,28.08,0.1729,0,0
231,232,0,3,0,28.13,0.1616,0,0
231,232,0,4,0,27.76,0.1408,0,0
231,232,0,5,0,29.18,0.3775,0,0
231,232,0,6,0,29.27,1.0974,0,0
231,232,0,7,0,32.35,1.79,0,0
231,232,0,8,0,34.32,1.3762,0,0
231,232,0,9,0,34.12,0.9121,0,0
231,232,0,10,0,36.88,0.891,0,0
231,232,0,11,0,38.1,1.0464,0,0
231,232,0,12,0,36.17,1.1251,0,0
231,232,0,13,0,38.12,0.9124,0,0
231,232,0,14,0,39.14,1.0482,0,0
231,232,0,15,0,39.51,1.0821,0,0
231,232,0,16,0,39.17,1.0646,0,0
231,232,0,17,0,39.65,1.6663,0,0
231,232,0,18,0,38.34,2.1045,1,1
231,232,0,19,0,35.61,1.9381,1,1
231,232,0,20,0,35.89,2.0499,1,1
231,232,0,21,0,33.29,1.5224,1,0
231,232,0,22,0,33.56,1.6144,0,0
231,232,0,23,0,31.17,1.3754,0,0
232,233,1,0,0,29.76,0.463,0,0
232,233,1,1,0,27.86,0.136,0,0
232,233,1,2,0,28.19,0.157,0,0
232,233,1,3,0,28.35,0.1254,0,0
232,233,1,4,0,28.77,0.1527,0,0
232,233,1,5,0,29.12,0.5343,0,0
232,233,1,6,0,29.89,1.2649,0,0
232,233,1,7,0,31.42,1.5489,0,0
232,233,1,8,0,31.54,0.8974,0,0
232,233,1,9,0,33.12,0.6895,0,0
232,233,1,10,0,34.6,0.8933,0,0
232,233,1,11,0,36.58,1.13,0,0
232,233,1,12,0,37.37,1.1649,0,0
232,233,1,13,0,38.61,0.9826,0,0
232,233,1,14,0,38.9,0.9691,0,0
232,233,1,15,0,40.55,1.0432,0,0
232,233,1,16,0,39.61,0.8794,0,0
232,233,1,17,0,38.6,1.5607,0,0
232,233,1,18,0,38.77,2.1946,1,1
232,233,1,19,0,36.65,2.3986,1,1
232,233,1,20,0,36.0,2.5143,1,1
232,233,1,21,0,32.2,1.2137,1,0
232,233,1,22,0,33.13,1.4261,0,0
232,233,1,23,0,30.55,1.1486,0,0
233,234,2,0,0,28.21,0.1654,0,0
233,234,2,1,0,26.99,0.1792,0,0
233,234,2,2,0,26.2,0.1818,0,0
233,234,2,3,0,27.94,0.1226,0,0
233,234,2,4,0,27.38,0.1473,0,0
233,234,2,5,0,29.13,0.5346,0,0
233,234,2,6,0,30.37,1.0278,0,0
233,234,2,7,0,31.95,1.5751,0,0
233,234,2,8,0,31.03,0.8851,0,0
233,234,2,9,0,31.18,0.6604,0,0
233,234,2,10,0,35.58,0.9044,0,0
233,234,2,11,0,37.23,0.969,0,0
233,234,2,12,0,38.54,1.0252,0,0
233,234,2,13,0,39.53,0.9327,0,0
233,234,2,14,0,38.12,1.9077,0,0
233,234,2,15,0,38.79,1.826,0,0
233,234,2,16,0,38.07,0.9484,0,0
233,234,2,17,0,38.6,1.6275,0,0
233,234,2,18,0,38.16,1.9373,1,1
233,234,2,19,0,35.83,1.9257,1,1
233,234,2,20,0,34.18,1.9603,1,1
233,234,2,21,0,34.2,1.728,1,0
233,234,2,22,0,31.62,1.181,0,0
233,234,2,23,0,31.18,1.2904,0,0
234,235,3,0,0,30.91,0.5116,0,0
234,235,3,1,0,29.16,0.371,0,0
234,235,3,2,0,27.16,0.1408,0,0
234,235,3,3,0,28.37,0.1579,0,0
234,235,3,4,0,30.06,0.5487,0,0
234,235,3,5,0,26.98,0.3408,0,0
234,235,3,6,0,29.23,1.2188,0,0
234,235,3,7,0,30.49,1.2333,0,0
234,235,3,8,0,31.01,0.775,0,0
234,235,3,9,0,31.95,0.5897,0,0
234,235,3,10,0,35.31,0.9012,0,0
234,235,3,11,0,35.43,0.9355,0,0
234,235,3,12,0,38.48,0.9864,0,0
234,235,3,13,0,37.74,0.8983,0,0
234,235,3,14,0,38.72,1.0533,0,0
234,235,3,15,0,40.86,1.0097,0,0
234,235,3,16,0,36.48,1.0903,0,0
234,235,3,17,0,38.71,1.867,0,1
234,235,3,18,0,36.4,1.9992,1,1
234,235,3,19,0,36.51,2.2193,1,1
234,235,3,20,0,34.47,1.7584,1,0
234,235,3,21,0,32.12,1.5924,1,0
234,235,3,22,0,32.45,1.4358,0,0
234,235,3,23,0,29.74,0.9092,0,0
235,236,4,0,0,31.17,0.6994,0,0
235,236,4,1,0,27.73,0.1787,0,0
235,236,4,2,0,28.16,0.1516,0,0
235,236,4,3,0,28.16,0.1663,0,0
235,236,4,4,0,27.98,0.164,0,0
235,236,4,5,0,32.46,0.8504,0,0
235,236,4,6,0,28.44,0.686,0,0
235,236,4,7,0,31.17,1.4437,0,0
235,236,4,8,0,31.6,0.8671,0,0
235,236,4,9,0,32.64,0.5497,0,0
235,236,4,10,0,35.14,1.0071,0,0
235,236,4,11,0,34.21,0.9184,0,0
235,236,4,12,0,37.71,2.2572,0,1
235,236,4,13,0,38.9,1.065,0,0
235,236,4,14,0,38.33,1.0949,0,0
235,236,4,15,0,37.78,0.9228,0,0
235,236,4,16,0,38.11,0.9061,0,0
235,236,4,17,0,37.94,1.7686,0,0
235,236,4,18,0,36.79,2.2812,1,1
235,236,4,19,0,36.41,1.9705,1,0
235,236,4,20,0,33.07,2.0429,1,1
235,236,4,21,0,33.23,1.485,1,0
235,236,4,22,0,31.08,1.1367,0,0
235,236,4,23,0,31.05,0.9413,0,0
236,237,5,0,1,29.96,0.5288,0,0
236,237,5,1,1,31.08,0.5906,0,0
236,237,5,2,1,26.81,0.1822,0,0
236,237,5,3,1,27.5,0.1357,0,0
236,237,5,4,1,26.53,0.1626,0,0
236,237,5,5,1,27.74,0.1876,0,0
236,237,5,6,1,28.57,0.1932,0,0
236,237,5,7,1,28.74,0.8061,0,0
236,237,5,8,1,30.38,0.6974,0,0
236,237,5,9,1,35.76,1.4291,0,0
236,237,5,10,1,34.89,1.4875,0,0
236,237,5,11,1,35.75,1.5928,0,0
236,237,5,12,1,36.93,1.8344,0,0
236,237,5,13,1,36.78,1.9509,0,0
236,237,5,14,1,36.96,2.0348,0,1
236,237,5,15,1,38.18,1.6076,0,0
236,237,5,16,1,38.69,2.0347,0,0
236,237,5,17,1,38.69,1.5278,0,0
236,237,5,18,1,39.04,2.3624,1,1
236,237,5,19,1,35.84,2.4829,1,1
236,237,5,20,1,32.81,1.8867,1,0
236,237,5,21,1,33.42,1.5895,1,0
236,237,5,22,1,31.05,1.112,0,0
236,237,5,23,1,29.71,0.9144,0,0
237,238,6,0,1,28.08,0.1701,0,0
237,238,6,1,1,26.42,0.169,0,0
237,238,6,2,1,27.97,0.1529,0,0
237,238,6,3,1,29.63,0.4104,0,0
237,238,6,4,1,28.48,0.1658,0,0
237,238,6,5,1,27.45,0.3257,0,0
237,238,6,6,1,28.26,0.7025,0,0
237,238,6,7,1,29.67,0.5827,0,0
237,238,6,8,1,32.24,1.0062,0,0
237,238,6,9,1,33.66,1.1927,0,0
237,238,6,10,1,33.24,1.1195,0,0
237,238,6,11,1,35.06,1.5493,0,0
237,238,6,12,1,38.04,1.7597,0,0
237,238,6,13,1,38.27,2.7939,0,1
237,238,6,14,1,38.92,2.3571,0,0
237,238,6,15,1,41.3,1.6535,0,0
237,238,6,16,1,39.51,2.4877,0,1
237,238,6,17,1,37.12,1.6675,0,0
237,238,6,18,1,37.49,2.108,1,0
237,238,6,19,1,35.55,2.6763,1,1
237,238,6,20,1,33.97,1.539,1,0
237,238,6,21,1,34.19,1.6445,1,0
237,238,6,22,1,33.79,1.4267,0,0
237,238,6,23,1,28.12,0.5374,0,0
238,239,0,0,0,29.57,0.4519,0,0
238,239,0,1,0,28.08,0.1285,0,0
238,239,0,2,0,27.24,0.1388,0,0
238,239,0,3,0,27.11,0.1512,0,0
238,239,0,4,0,26.95,0.1489,0,0
238,239,0,5,0,27.66,0.2412,0,0
238,239,0,6,0,30.06,1.0862,0,0
238,239,0,7,0,29.86,1.2191,0,0
238,239,0,8,0,30.69,0.7918,0,0
238,239,0,9,0,32.57,0.6578,0,0
238,239,0,10,0,35.72,0.9038,0,0
238,239,0,11,0,36.0,0.8839,0,0
238,239,0,12,0,35.61,0.9607,0,0
238,239,0,13,0,38.06,1.0743,0,0
238,239,0,14,0,37.51,2.1227,0,1
238,239,0,15,0,39.28,0.9922,0,0
238,239,0,16,0,37.51,1.7816,0,1
238,239,0,17,0,38.66,1.671,0,0
238,239,0,18,0,36.14,2.1001,1,1
238,239,0,19,0,35.64,1.5401,1,0
238,239,0,20,0,34.09,1.7232,1,0
238,239,0,21,0,33.13,1.7489,1,0
238,239,0,22,0,31.02,1.205,0,0
238,239,0,23,0,30.16,1.0401,0,0
239,240,1,0,0,28.07,0.1379,0,0
239,240,1,1,0,28.16,0.1435,0,0
239,240,1,2,0,26.37,0.1393,0,0
239,240,1,3,0,27.17,0.1654,0,0
239,240,1,4,0,26.81,0.1634,0,0
239,240,1,5,0,28.41,0.2001,0,0
239,240,1,6,0,28.83,0.7781,0,0
239,240,1,7,0,31.2,1.4232,0,0
239,240,1,8,0,32.01,0.9969,0,0
239,240,1,9,0,32.53,0.7664,0,0
239,240,1,10,0,34.53,0.9314,0,0
239,240,1,11,0,33.24,0.7075,0,0
239,240,1,12,0,38.54,1.0899,0,0
239,240,1,13,0,38.37,1.9875,0,1
239,240,1,14,0,38.1,0.9107,0,0
239,240,1,15,0,36.27,0.9322,0,0
239,240,1,16,0,38.49,0.9106,0,0
239,240,1,17,0,37.86,1.7733,0,0
239,240,1,18,0,37.27,2.1532,1,1
239,240,1,19,0,36.87,2.4361,1,1
239,240,1,20,0,33.41,1.8548,1,0
239,240,1,21,0,33.19,1.6417,1,0
239,240,1,22,0,30.88,1.1366,0,0
239,240,1,23,0,31.17,1.3116,0,0
